PlantID_final,Easting,Northing,is_mother
M0821,1293.44889568002,-556.42604001984,False
M0843,1409.91994148999,-652.573144149967,False
M1003,-1691.26054350199,-61.0910391798243,False
M1011,-1639.62365606101,-54.1171686202288,False
M1014,-1964.20142776502,-151.665348339826,False
M1530,797.605796154996,-69.856439139694,False
M0158,-1637.32940813497,-52.866655359976,False
M0170,-1611.108444963,-51.0009266398847,False
M0172,-1359.55418426602,-191.324286259711,False
M0174,-1543.05274631002,-86.1943133100867,False
M0178,-1336.17956143402,-203.428366979584,False
M0183,-1594.014246476,-55.8446162100881,False
M0187,-1336.95992939197,-206.051631440409,False
M0190,-1645.955149955,-57.1807563398033,False
M0195,-1632.928791988,-62.947761470452,False
M0294,-2259.10595872102,-160.759048939683,False
M0301,842.606604056025,-484.232940929942,False
M0303,860.994091655011,-518.843448489904,False
M0305,733.260537234019,-385.087815820239,False
M0307,711.174599141988,-387.453230869956,False
M0308,707.081850033021,-393.120464679785,False
M0311,868.045143614989,-524.531580880284,False
M0313,975.130254198972,-528.171248720028,False
M0315,959.094299883989,-520.265847570263,False
M0316,954.359326274018,-520.766987980343,False
M0324,775.476181050995,-436.642193829641,False
M0326,877.261639340024,-528.909249699675,False
M0349,784.94000505202,-441.185889770277,False
M0353,-2200.18727556901,-281.462158420123,False
M0355,-1776.103355125,-141.726139769889,False
M0356,-1958.96793790697,-164.58106863033,False
M0357,-1860.56409260101,-129.505301900208,False
M0359,-1925.33641468699,-137.871573950164,False
M0362,-1850.84284237598,-131.884437549859,False
M0366,-1955.32616708399,-163.536675729789,False
M0368,-1941.87747559597,-156.811348520219,False
M0370,-1951.579169898,-161.974847749807,False
M0374,-1949.99531004101,-160.382259840146,False
M0375,-2108.58115263999,-224.957733489573,False
M0377,-2032.51843827002,-191.829302930273,False
M0378,-1850.72639553598,-130.809654990211,False
M0380,-1914.944575225,-136.736858270131,False
M0386,-1851.95865596598,-132.829278170131,False
M0389,-2181.03565107298,-265.179591399617,False
M0396,-2026.46143457899,-188.178872019984,False
M0397,-2037.43282155902,-192.976067990065,False
M0398,-2024.59306409198,-189.25246181991,False
L1295,-2028.55076483003,-189.864641999826,False
M0438,1232.99160266801,-556.009153249674,False
M0450,1222.81891581701,-561.635040320456,False
M0454,1126.35631077702,-599.297625930049,False
M0490,1089.71333289403,-591.196462159976,False
M0501,1140.55243813799,-596.862047730014,False
M0506,-2136.00158147601,316.605207899585,False
M0507,1570.09448284801,-275.040565820411,False
M0519,-2266.39695294702,-340.655950199813,False
M0522,-2261.68326734001,-364.344649249688,False
M0524,-2262.69912139,-362.967368169688,False
M0531,1638.24900269101,-634.673262150027,False
M0533,1636.17199280497,-631.783908270299,False
M0538,1177.566620406,-305.671670960262,False
M0542,1597.04736687499,-591.12280439958,False
M0543,1570.87003957399,-278.135978399776,False
M0549,1246.25734781497,-557.479015540332,False
M0550,-2225.56346274802,-286.486764449626,False
M0551,1346.83070388198,-235.017702340148,False
M0553,1366.13064467098,-244.730493850075,False
M0554,1148.34862053499,-293.08493020013,False
M0558,1355.09443298302,-239.075865910389,False
M0559,1302.189205551,-269.451819449663,False
M0560,1306.49322233401,-254.037501149811,False
M0561,1534.77739096998,-279.946316690184,False
M0562,1138.078099893,-287.956748929806,False
M0563,1383.16083814699,-257.080875460058,False
M0565,1204.31281593099,-317.191336849704,False
M0566,1367.08328190597,-246.025492750108,False
M0567,1330.98142601701,-234.141212419607,False
M0569,1160.07574765198,-298.638446079567,False
M0570,1375.969368238,-251.26516854018,False
M0571,1404.96225424798,-282.421519129537,False
M0572,-2236.78760441201,-150.043475080281,False
M0573,1346.73777303501,-236.236030369997,False
M0574,1310.01405322098,-244.203924180008,False
M0576,1542.33745071699,-279.760246049613,False
M0577,1422.33627074503,-289.80490885023,False
M0578,-2221.05703333102,-142.605702299625,False
M0581,1299.68748510798,-277.284061419778,False
M0582,1219.50553327601,-316.152157469653,False
M0585,1464.17764102301,-287.909798329696,False
M0586,1414.68758986,-289.250318890437,False
M0587,1469.85471515497,-286.852002009749,False
M0588,1432.39884062699,-287.794438400306,False
M0590,1487.38229262002,-283.466214929707,False
M0594,-2206.60990423098,-134.329556959681,False
M0595,1557.56814955402,-276.731853069738,False
M0599,1564.86950812797,-277.074930990115,False
M0600,1487.870960976,-285.230435700156,False
M0629,1189.83719824703,-313.188743700273,False
M0651,1513.30856679397,-694.056169560179,False
M0655,1503.37669273699,-692.62452987954,False
M0659,1514.74722519302,-694.813288680278,False
M0665,1510.33696814202,-691.520386669785,False
M0671,1460.89745862398,-687.633649609983,False
M0676,1262.29135998199,-325.144492910244,False
M0677,1505.18956088898,-691.648828109726,False
M0678,1469.44065580401,-691.576926030219,False
M0679,1696.18900620402,-663.949291249737,False
M0680,1457.551255834,-688.067746469751,False
M0691,1505.27808430803,-693.27330665011,False
M0696,1532.82170020998,-704.707982620224,False
M0697,1513.36047157901,-694.529790679924,False
M0709,861.233851207013,-20.0713933901861,False
M0736,698.400281889015,-389.992073340341,False
M0802,-2251.79689991602,249.142304340377,False
M0812,1431.90240642597,-668.986134629697,False
M0825,-2225.60133644001,-286.660690359771,False
L1321,-2262.105594325,-355.743508580141,False
M0834,1409.47546044202,-502.232427580282,False
M0823,1288.34210389399,-549.66304675024,False
M0862,-1426.85246700101,164.586370499805,False
M0864,-1535.12031771598,196.7260848796,False
M0869,-1583.97233894299,194.303656909615,False
M0872,-1817.62499790802,97.3238570997491,False
M0874,-1597.64655778202,194.269836950116,False
M0882,-1834.23591209401,64.7842772500589,False
M0887,-1756.32767223398,181.512683410197,False
M0889,-1578.69100442302,197.022467509843,False
M0891,-1329.317695142,144.629236229695,False
M0896,-1685.11293737002,207.483689120039,False
M0901,-1444.26740259503,264.182414690033,False
M0903,-2260.776392431,-161.074630130082,False
M0906,-1686.49650004099,338.283074329607,False
M0907,-1336.765727919,237.665031500161,False
M0908,-1716.69052041502,351.356980769895,False
M0909,-1307.27829621697,244.58630748,False
M0912,-1708.98781276599,336.592785649933,False
M0914,-1824.62610899901,304.361933650449,False
M0915,-1681.480332523,343.307935629971,False
M0916,-1578.87221640901,325.531917490065,False
M0918,-1603.61781771702,338.0618523499,False
M0919,-1794.08569272398,337.40406277962,False
M0923,-1741.540435025,355.700823090039,False
M0928,-2258.19905080303,-160.822495190427,False
M0929,-1775.99093151803,334.352234439924,False
M0934,-2144.089207087,-56.306525520049,False
M0937,-1803.25404783501,324.941762089729,False
M0940,-1755.97674448497,353.172710919753,False
M0941,-2118.23301026202,-23.7786877695471,False
M0942,699.64539932902,-389.67565478012,False
M0946,-2178.84758104198,-116.375291810371,False
M0951,-1923.05626125197,257.546940050088,False
M0958,-2167.68891798402,-260.345849090256,False
M0960,-1331.929578704,-206.05502870027,False
M0964,-827.11712527601,-242.954801799729,False
M0966,-1749.39663224801,-111.416335309856,False
M0967,-754.090582026984,-233.500690099783,False
M0968,-1608.81962220202,-52.0890630297363,False
M0969,-1919.22018087201,-150.872607420199,False
M0974,-1934.95804313401,267.039940180257,False
M0977,-1997.44875863998,328.817370389588,False
M0978,-1953.02092358499,283.3778996896,False
M0981,-2100.44072336197,347.773187760264,False
M0985,-1910.99071131099,257.807920079678,False
M0988,-812.886644479004,-255.228787889704,False
M0993,-798.34962855099,-244.546533339657,False
M0999,-772.241795608017,-252.043476680294,False
M1000,-826.993197550997,-243.41368813999,True
M1010,-1674.26530737302,206.489294890314,False
M1023,-1596.26608456299,-53.9995319703594,False
M1031,-1944.93338717002,10.986544219777,False
L0635,-1435.190528106,-156.548578949645,False
M1037,-2301.13105892699,256.790341819637,False
M1045,899.712715415983,-61.9725257698447,False
M1046,-2261.99971217802,-365.376101000234,False
M1053,1020.47392006102,-223.845960079692,False
M1055,1018.04769670498,-219.49792524986,False
M1060,898.358897864004,-41.9202538095415,False
M1067,1020.86086102697,-225.302630449645,False
M1073,898.399746773008,-39.5731093296781,False
M1077,897.905374921975,-44.8815137501806,False
M1083,118.474313159997,46.130800220184,False
M1085,1020.15698020899,-223.008584110066,False
M1086,1019.12904462602,-221.164146279916,False
M1087,900.164303129015,-61.5409487504512,False
M1089,857.942967740993,-22.4080674704164,False
M1098,897.212106699997,-43.3393709100783,False
M1103,901.084972254001,-104.707929310389,False
M1107,1020.38922786398,-218.191534969956,False
M1115,1021.52435883402,-222.21368663013,False
M1117,1025.42858096701,-226.540909980424,False
M1120,983.826331580989,-193.393252619542,False
M1121,935.971437891014,-163.704080710188,False
M1126,904.880931262975,-84.2889416897669,False
M1128,901.640005344001,-103.98984465003,False
M1129,901.948428663018,-90.7927218601108,False
M1144,913.140293024015,-164.186497610062,False
M1155,-1891.34075948701,20.5975384600461,False
M1156,1514.53031692898,-694.643296140246,False
M1159,-1877.737406892,23.7754195900634,False
M1160,-2064.48435811198,3.44741026032716,False
M1164,-1954.78024611901,9.79250246006995,False
M1171,1462.17023191502,-689.209665049799,False
M1177,-2173.01715028699,-107.256550270133,False
M1180,1489.43243414699,-695.193452539854,False
M1193,-2141.78616909898,-50.2999807195738,False
M1200,-2124.677226211,-29.5180167900398,False
M1214,117.401038742973,46.2235059002414,False
M1225,117.967374306987,46.4727782700211,False
M1251,115.89991120901,48.9205240001902,False
M1253,119.31032036501,45.5109609803185,False
M1293,119.172538133978,44.3630913803354,False
M1299,122.100200683984,41.588416500017,False
M1302,-772.046061082976,-251.132793629542,False
M1308,-739.30304498598,-218.349083510228,False
M1334,667.982977622014,-83.4182601096109,False
M1335,-773.585125254991,-253.202536970377,True
M1337,709.001704287017,-72.1917832801118,False
M1338,597.22853054502,-95.9365700799972,False
M1342,612.211567747989,-101.868138900027,False
L0729,560.872724758985,-83.0161084197462,False
M1347,488.788501693984,-62.0930985100567,False
M1349,493.297986852005,-58.2639133902267,False
M1382,968.923778687022,-524.045859919861,False
M1385,969.293746218027,-523.504574829713,False
M1400,974.944511206995,-528.985469199717,False
M1410,-366.257890017994,410.147585379891,False
M1420,-1296.56015542202,-206.303653090261,False
M1449,-1597.718644479,-52.8718111403286,False
M1453,-1605.82852520799,-51.5403324300423,False
J0420,385.463610857027,-71.13167151995,False
M1504,-1602.29178984498,-50.7055893903598,False
M1509,779.954426583019,-85.4912450304255,False
M1515,815.559767914005,-65.7162296399474,False
M1520,-1854.19616260799,-130.914308000356,False
M1524,363.912311181019,-76.6000327197835,False
M1548,-139.804429238022,439.129894750193,False
M1635,-2055.78788374102,-201.222297240049,False
M1711,433.38135066902,-82.3689265595749,False
M1804,-1739.73902753397,-110.735173139721,False
J1101,531.373752271989,-51.1033289702609,False
M1888,478.356129791995,-64.9033319903538,False
M1893,492.625586860988,-56.2544353799894,False
M1898,409.052991035976,-86.9579065898433,False
M1900,474.738956706016,-63.932585679926,False
M1902,474.311317886983,-67.7847186503932,False
M1957,-1727.60399210802,-91.3650949895382,False
M1970,-1731.11160551,-112.475667050108,False
M1976,-1730.30022984999,-98.8166061500087,False
M1981,-1334.51930435398,-205.528905189596,False
L1181,-1732.41959065798,-110.818703589961,False
M1997,-1728.85772163299,-90.5882532699034,False
M2024,428.511941028992,-80.416281349957,False
M2026,336.986690620019,-59.5637740399688,False
M2028,478.306928150996,-63.4991354402155,False
M2029,333.189720703987,-59.3028375497088,False
M2030,361.437943262979,-69.20848132018,False
M2033,278.334265468991,-59.3557390803471,False
M2035,333.762052332982,-60.3584447400644,False
M2037,337.180334407021,-57.8190586604178,False
M2047,244.137405325018,-71.8651220696047,False
M3089,-2760.60974858899,9.87866112962365,False
M3090,-2784.826461213,-13.4903260301799,False
M3091,-2887.95295919001,-36.7330250898376,False
M3092,-2912.20327737398,-33.9087662501261,False
M3093,-2946.52251986798,-36.4467517603189,False
M3094,-2946.52251986798,-36.4467517603189,False
M3095,-2946.52251986798,-36.4467517603189,False
M3096,-2946.52251986798,-36.4467517603189,False
M3097,-2956.33772608999,-41.4487928897142,False
M3099,-2966.88055257697,-48.7924450496212,False
M3100,-2973.02218796901,-50.7353780297562,False
M3101,-2982.71154370799,-64.5373596996069,False
M3102,-2984.66105282202,-66.9296007398516,False
M3103,-2983.82167736499,-70.2517205495387,False
M3104,-2963.34029698803,-42.411436050199,False
M3105,-2968.58402151603,-44.4400192797184,False
M0066,293.689308736997,-371.954185989685,False
M1811,338.187536347017,-385.080644659698,False
M1812,308.242277887999,-380.57691229973,False
M0233,-252.860602208995,-529.505276289769,False
M1844,432.090534686984,-78.5959608303383,False
M1873,206.104035874014,-371.282628280111,False
M1964,284.214409262,-377.518533480354,False
M1966,-808.907772156992,-326.693115689792,False
L0933,-596.393822540995,-431.123827310279,False
M1969,-1592.54224792297,-52.3062191102654,False
M1971,338.674607857014,-384.886021739803,False
M1973,234.605587630998,-379.394714780152,False
M1975,34.8344358510221,-433.19911072962,False
M1979,247.587197453016,-391.805111840367,False
M1991,334.123279215011,-383.427594070323,False
M1993,242.129099321028,-378.986437190324,False
K1200,489.951976626995,-376.391158189625,False
M2000,239.622093844984,-380.205272439867,False
M2001,100.371515986975,-414.314403800294,False
M2002,332.993873998988,-384.099447119981,False
M2003,205.697085317981,-365.030573819764,False
M2004,-268.402920839028,-541.779031629674,False
M2005,43.3996360130259,-429.892853030004,False
M2006,345.741556150024,-384.167310629971,False
M2007,376.745704723988,-375.226460720412,False
M2008,287.481270133983,-373.368423189968,False
M1455,241.541307348001,-378.885681849904,False
M2010,288.493127622001,-366.126727499999,False
M2012,233.802654027008,-369.023990579881,False
M2015,205.591567973024,-362.781788369641,False
M0067,233.311877197993,-361.431773420423,False
M2019,235.12620261102,-377.403680900112,False
M2020,-596.518785929016,-431.089144639671,False
M2021,214.618712567026,-369.910100510344,False
M2022,287.499255494971,-361.606254260056,False
M2023,234.710498670989,-378.686244180426,False
K1085,427.508750581997,-79.9668012196198,False
M2055,-139.224907804979,468.705037049949,False
M2058,753.448697156971,-71.9525167997926,False
M2059,432.537278347008,-79.1193866198882,False
M1914,426.85411699902,-78.4883250901476,False
M2062,360.835196344997,-70.0437212400138,False
M2064,52.1414807140245,39.4367993399501,False
M2066,-337.528181943984,-38.7595460498706,False
M2069,378.427730350988,-78.9556996300817,False
M2070,-139.387003061012,468.529121420346,False
M2072,338.726270060986,-59.0417729597539,False
L1593,435.304830092995,-74.7983547896147,False
M2075,416.486766631017,-82.0942843500525,False
M1665,68.0795804290101,41.3937552804127,False
L0021,-262.081474404025,-532.198812300339,False
K0314,60.7743967749993,-421.149695980363,False
L0039,-3.14983967499575,-451.669562250376,False
L0055,342.996630373993,-384.245353150181,False
L0056,-300.92298274301,-564.105345799588,False
L0057,204.396448942018,-379.981522000395,True
L0060,-313.166980682989,-569.431048650295,False
L0064,-276.938040637004,-542.827602460049,False
L0076,352.513561559026,-383.41097880993,False
L0078,269.015456160007,-390.966518639587,False
L0079,-269.099954730016,-537.734779380262,False
L0098,-320.378530949005,-572.056469090283,False
K0840,-212.612701145001,-518.885364510119,False
L0105,244.459012666019,-391.188239179552,False
L0106,-129.887855003006,-478.083279700018,False
K1755,112.920812761004,-409.960765009746,False
L0112,-348.389283245022,-575.559955479577,False
L0114,318.631086110021,-381.829750250094,False
L0120,252.268908169004,-388.335519320332,False
L0124,262.26041909802,-388.63799848035,False
K0032,296.188824785,-380.354358330369,False
K0760,426.124367980985,-364.923689080402,False
L0137,-134.661390478024,-480.28898916021,False
L0143,108.766901683004,-408.568687750027,False
L0146,425.012819657975,-270.409703549929,False
K0023,417.982237422024,-365.784116280265,False
L0150,424.066349675995,-362.472811779939,False
L0159,-88.1898352869903,-468.578941180371,False
L0168,-112.974658032996,-468.833580300212,False
L0169,123.538269401994,-395.842670070007,False
L0176,347.501787183981,-385.965352630243,False
L0188,46.6014001640142,-424.831538160332,False
L0191,71.6334925129777,-416.330259249546,False
L0199,56.9590346789919,-422.596357500181,False
L0214,295.055577640014,-382.279912630096,False
L0215,-67.0716119750286,-466.541993110441,False
L0220,297.443216554006,-381.703853590414,False
L0221,113.881611186021,-408.896224039607,True
J0314,-42.4189928260166,-462.055875790305,False
K0451,111.679550333007,-408.520317830145,True
K1762,112.507120804978,-407.172266400419,False
L0230,-88.4533329919796,-464.966963379644,False
L0234,-389.059361100022,-608.59765117988,False
L0243,-351.239243605989,-582.447261010297,False
L0250,-324.889892857987,-572.729093420319,False
L0258,-266.464293689991,-535.764608009718,False
L0260,-245.668695316999,-102.174378749914,False
K2005,-282.053047912021,-550.268816060387,False
L0263,-285.778660823009,-551.179902450182,False
L0284,210.168441447022,-368.125089799985,False
L0294,66.8250781079987,42.6155894296244,False
L0314,-371.422397800023,708.977105059661,False
L0320,-186.767433925008,570.611106569879,False
L0323,-162.325014723989,252.686976790428,False
L0325,-369.152536940994,704.837925150059,False
L0326,-138.384251166019,328.331158779562,False
L0329,-139.440417209989,327.076684799977,False
J0493,-185.45067306998,572.259183369577,False
K1847,284.29300597799,-61.3380453195423,False
K1899,285.130308756023,-63.5769806299359,False
L0395,-359.857454998011,777.435309669934,False
L0401,439.014417677012,-86.6396443098783,False
L0407,-358.836294915993,775.96052491013,False
L0412,19.4659236139851,-78.242040459998,False
L0413,25.9960342230042,-58.5760885896161,False
L0414,25.5963864800287,-59.2202793899924,False
L0435,-172.011938782991,563.63752586022,False
L0460,-314.038922658016,813.053211480379,False
L0461,-221.794811973989,580.840546470135,False
L0465,-255.374184746994,642.507124410011,False
L0474,-217.244101514982,575.64158530999,False
L0475,-141.406209092995,405.804622090422,False
L0481,-143.438149587018,469.945786749944,False
L0485,-138.802462905995,558.06667446997,False
L0494,-103.002792913001,-252.866053760052,False
L0497,25.521834418003,-137.64162334986,False
L0499,-106.047464118979,-255.534779990092,False
L0501,-105.072920384002,-254.617003509775,False
L0503,-69.248156984977,-235.832692399621,False
L0536,414.954081128992,-81.7334749801084,False
L0537,416.129627802991,-83.7650531698018,False
L0538,288.877253806975,-54.6691502500325,False
L0539,278.791718130989,-59.4595235297456,False
L0540,274.279934142018,-62.3324118796736,False
K1892,289.133805694,-54.5064623104408,False
L0565,-357.946728452982,782.788160749711,False
L0572,432.28130983602,-92.5813742103055,False
L0573,407.593162556994,-100.455750839785,False
L0584,450.73862716899,-87.078288000077,False
L0588,558.671309972997,-81.670885739848,False
L0653,110.816478365974,-408.848549179733,False
L0662,111.282832361001,-408.931341120042,False
K0634,55.2211278940085,-423.371502219699,False
L0677,-334.326873612998,-39.732840700075,False
L0682,-334.484018837975,-38.7283467203379,False
L0689,-330.60056617501,-42.480884090066,False
L0694,429.367406798003,-87.6770528601483,False
L0695,360.639182357991,-76.9022423103452,False
L0696,249.676283583976,-79.5275395801291,False
L0699,288.831852775009,-58.1644991496578,False
J0920,404.596312853973,-88.6465748399496,False
K1092,368.012545261998,-78.4078186200932,False
L0705,339.02779222501,-65.0539239002392,False
L0708,429.043523007014,-87.1616167295724,False
L0713,609.863922766002,-118.239293719642,False
L0714,233.931929074985,-88.7318853400648,False
K0774,-175.82286224002,-501.72118578013,False
L0758,-174.591918137972,-502.750688619912,False
K0776,-174.513540075975,-502.818171530031,False
L0770,-174.116368234972,-504.623719980009,False
L0786,200.205328239012,-83.0184714803472,False
L0795,472.968810376013,-66.8140919702128,False
L0800,439.293655352027,-79.7820216696709,False
L0814,-323.683566198975,-566.62230037991,False
L0815,-338.633338563028,-578.739123299718,False
K0532,-377.289034629008,-606.619499729946,False
L0823,-203.699064365006,-513.775309690274,False
L0859,682.415791884996,-79.8223784798756,False
L0888,536.848923376994,-55.8975285198539,False
L0891,-1492.852516738,186.412119910121,False
L0895,-1492.64813083399,187.865725530311,False
L0904,-1495.43081494397,190.173075200059,False
L0911,95.9611174809979,-418.031148780137,True
K1738,101.114231501007,-413.974873900414,False
L0932,-596.390721742006,-415.977775019594,False
L0935,-597.255633857974,-412.277012029663,True
L0951,-1207.83221459901,221.884552990086,False
L0954,-1170.864766157,316.33579067979,False
L0955,-1229.57120242802,217.219379119575,False
L0966,-1220.12609416799,220.421098119579,False
L0967,-1171.08148975897,314.79569402989,False
L0973,-1166.30351629102,226.926741589792,False
L0988,-1185.29396629898,225.108429430053,False
L0993,-1025.530763713,-234.069599879906,False
L0996,-883.636115861998,-275.700148209929,False
L0998,-1002.09671449102,-244.781746240333,False
L1007,-797.303439507028,-254.920084300451,False
L1009,-1052.01698050398,-219.001699780114,False
L1014,-61.1277126600035,-226.020883990452,False
L1018,-133.610937413003,-267.030650709756,False
L1024,-115.978210465983,-254.769354930148,False
L1025,-120.798267656995,-259.243309780024,False
L1026,-149.590371020022,-273.995056480169,False
L1034,-129.697542303009,-264.613475380465,False
L1038,-131.094033498026,-267.101342540234,False
L1039,-25.1142165120109,-209.356121139601,False
L1040,-16.189455026004,-202.99109795969,False
L1042,-108.452723731985,-250.783457010053,False
L1044,-150.758380557992,-274.834097360261,False
L1045,-36.9499921919778,-213.387443490326,False
L1054,-145.591092373012,-279.665462420322,False
L1058,-137.990972094995,-276.322274589911,False
L1068,-131.435047029983,-273.139845670201,False
L1077,-132.27101887099,-271.780386740342,False
L1080,-137.798780084006,-276.464288270101,False
L1086,-97.8520520920283,-244.708833959885,False
L1088,-124.735661997984,-261.973388969898,False
L1089,-141.318374269002,-271.42986836005,False
L1104,-136.385613131977,-275.18593483977,False
L1117,-1508.33570799098,194.389338930137,False
L1124,-1509.63432452799,195.48535402026,False
L1208,-1647.70814044599,197.22166632954,False
L1216,-1651.13337251602,-47.8850221699104,False
L1221,-1611.716117615,-54.0269701704383,False
L1223,-1590.40772771701,-58.5709128296003,False
L1228,-1718.44800367701,-108.801744390279,False
L1244,-214.304679985973,-519.198977150023,False
L1262,-367.43141244899,-604.984700949863,False
L1264,-155.772648920014,-487.01099568978,True
L1298,-1940.74795591098,-145.758867530152,False
L1310,-2028.77721026802,-190.137522149831,False
L1312,-2241.21882943698,-340.217878250405,False
L1313,200.088007385028,-396.059248199686,False
L1317,-2261.76544506301,-359.998324910179,False
L1325,-2261.67806559399,-359.347435720265,False
L1330,-2261.06671463099,-358.149374569766,False
L1351,-2260.01602429099,-362.756392990239,False
L1357,444.207213252026,-364.266090559773,False
L1359,383.966851192992,-372.667067079805,False
L1361,325.34603062598,-372.252166669816,False
L1362,321.097844602016,-369.624325740151,False
L1363,-143.317631657002,573.81270940043,False
L1365,481.115945158992,-363.295252320357,False
L1368,428.860682061,-364.299157929607,False
K1574,598.356442481978,-93.2324550999328,False
L1427,598.795835543016,-93.1239194702357,False
L1428,294.424170488026,-54.6836357600987,False
L1449,569.442389398988,-428.48995347973,False
K1898,354.753600581025,-71.4882516898215,False
L1451,755.274523354019,-71.361379429698,False
L1454,710.10683746502,-71.0565342297778,False
L1486,416.962161493022,-84.0694376900792,False
L1492,25.4259662199765,-32.271118289791,False
L1555,786.69401114498,-69.5115055097267,False
K1988,778.165191765002,-66.4203803399578,False
L1581,-352.007348111016,810.305921509862,False
L1596,480.94122913701,-58.6102957502007,False
L1597,310.680087935005,-55.5657693604007,False
L1608,534.513305468019,-53.3204224295914,False
L1613,-131.606049479975,478.1068902798,False
L1615,-154.775235058973,566.842447600327,False
L1617,198.44626451598,-396.350183060393,False
L1624,-150.647185722017,503.11820800975,False
L1628,-128.749242481019,464.295632280409,False
L1632,375.242312600021,-369.602215969935,False
L1639,315.300593673019,-370.308992640115,False
L1642,361.835092447989,-375.128612349741,False
K0148,417.332487414009,-367.658276339993,False
L1666,690.875737208989,-411.0215821499,False
L1667,307.958753266023,-380.382840500213,False
L1680,850.398751182016,-486.563148180023,False
L1691,554.50722305401,-424.850887680426,False
L1692,559.563791228982,-428.295738250017,False
L1698,476.356423839985,-366.618680150248,False
L1730,565.421427242982,-427.790309360251,False
L1733,664.450603413978,-442.224091029726,False
L1764,-940.755670653016,519.731780470349,False
L1766,-899.302241962985,510.491957129911,False
L1777,-937.390579632018,518.52430550009,False
L1830,-138.150568465993,437.037485689856,False
L1847,260.201981166028,-381.243143189698,True
L1856,-146.105654538027,473.325192170218,False
L1863,368.973635669972,-371.596658309922,False
L1868,421.291734270984,-366.22408004012,False
L1869,358.040006742987,-374.433510449715,False
L1872,338.464618512022,-372.898180640303,True
L1882,267.839828175027,-386.900489140302,True
L1883,466.87320988602,-376.632931999862,False
L1890,260.899144818017,-388.111327400431,False
L1892,692.183610330976,-431.438752479851,True
L1895,261.060892133974,-389.43789863959,False
L1910,-946.086330237973,-259.702185120434,False
L1912,-140.007909620996,331.9368468998,False
L1914,-1056.12346907798,-216.265740510076,False
L1919,-1056.09446938802,-215.959561719559,False
M0004,-22.0406507659936,-460.502703100443,False
K1768,53.0130303920014,-424.151538279839,True
M0007,146.486140366993,-395.736085929908,False
M0009,168.186052592995,-389.376029869542,True
M0011,21.221102083975,-440.366161299869,False
K2036,140.140636787983,-395.108723520301,True
M0013,19.4523628539755,-439.23646207992,False
M0015,90.1051086399821,-406.516198299825,False
M0016,-22.2435190440156,-452.148458509706,False
M0017,62.0782497290056,-419.53252608981,False
M0019,81.66334044002,-412.700034970418,False
M0021,177.944772300019,-387.335182289593,False
M0022,60.098394983972,-422.958021059632,True
M0027,29.8371750169899,-439.39695550967,False
M0028,-21.5668681309908,-452.808780670166,True
M0030,109.076098049991,-409.282758049667,False
M0032,20.8127819609945,-439.719861540012,False
M0033,-30.6740354929934,-452.867534169927,False
M0034,-41.1741249000188,-461.622982880101,True
M0036,58.3882764640148,-422.197652390227,False
M0037,-20.7293798999744,-453.084397300147,False
M0038,28.9066249469761,-434.583958930336,False
M0041,18.8948948169709,-440.592988030054,False
M0042,110.243484661973,-409.510853840038,True
M0043,-21.8276392670232,-452.728213190101,True
M0045,-21.3808919489966,-451.991254840046,True
M0046,-41.5859365129727,-457.460810749792,False
M0048,13.9820693689981,-444.788403970189,False
M0049,72.0350010339753,-414.369038020261,False
M0050,108.007270877017,-404.464941889979,False
M0051,205.687529993011,-369.526866019703,False
M0052,231.872320002003,-382.627756959759,False
M0053,250.568901215971,-388.36820075009,False
M0054,241.913454495021,-379.868056870066,True
M0055,216.738438764005,-366.313951729797,False
M0056,245.256145293999,-391.492260009982,False
M0057,206.940191383008,-370.075692060404,False
M0059,231.913175638008,-382.271730340086,False
M0060,250.666649936989,-379.505286499858,False
M0061,250.640962467005,-380.203509910032,False
K1696,243.986848443979,-378.693388610147,False
M0064,254.071969814016,-378.165132270195,False
M0068,224.762830037973,-370.173198100179,False
M0069,240.71265068202,-379.012191420421,True
M0070,206.235057182028,-366.170216269791,False
M0072,206.846199952997,-373.199607959948,False
M0074,210.958078778,-367.370731419884,False
M0075,232.990196858998,-378.317812790163,False
M0076,242.10419453698,-377.610264030285,False
M0077,202.325051234977,-368.66868009977,False
M0079,217.137100197026,-365.859634379856,False
M0080,216.640704042977,-365.279022189789,False
M0081,247.685553741991,-390.925553870387,False
M0084,238.863497616025,-377.772848810069,False
M0087,247.709560671006,-390.321704380214,False
M0088,206.048504094011,-370.033830059692,False
M0089,248.387880048016,-390.28906918969,False
M0090,247.225968351995,-390.788430020213,False
M0091,252.064832339005,-392.50321961008,False
M0093,247.470388579997,-391.085357040167,False
M0094,245.009464513976,-391.145336150192,False
M0095,244.837579604005,-376.816977200098,False
M0096,248.732844109996,-389.45104798954,False
M0097,238.051248173986,-379.580825439654,False
M0098,240.022718082007,-378.085232259706,False
M0099,251.636035215983,-391.227061290294,False
M0100,248.791670132021,-391.058571239933,False
M0101,253.87522436399,-378.38954371959,False
M0102,296.124103357026,-372.716784100048,False
M0104,-48.8100195460138,-220.248027900234,False
M0106,-38.5698452279903,-213.456460709684,False
M0107,308.425002763979,-370.06028049998,False
M0114,284.519038508995,-373.888289679773,False
M0118,362.387879481015,-372.612653589807,False
M0122,298.042558005021,-373.210608449765,False
M0123,-144.870759479993,-273.082501769997,False
M0125,282.294753586,-373.259003640153,False
M0127,297.836406300019,-372.849688479677,False
M0128,459.423830802029,-368.160516429693,False
M0129,-39.5285618780181,-209.658139250241,False
M0133,25.1154744399828,-136.262416750193,False
M0136,-143.360701530997,-272.548126400448,False
M0137,326.365814556018,-370.896175109781,True
M0139,257.838896895002,-379.47408965975,False
M0141,435.750947934983,-365.859404490329,False
M0142,-147.867661428987,-273.471880080178,False
K0739,478.104292645003,-367.159475740045,False
M0144,432.292581768997,-365.835385919549,False
M0145,-84.7194134449819,-237.097035289742,False
M0146,258.62721191399,-378.666407939978,False
M0147,377.58449875802,-372.720254560001,False
M0148,555.508534001012,-424.486335709691,False
M0150,339.803920759994,-373.079235159792,False
M0153,-1625.83025967801,-46.7787421001121,False
M0155,-1092.90912108601,-213.853909660131,False
M0157,-1599.21875569201,-54.4865046096966,False
M0159,-1607.55364004697,-51.1969332899898,False
M0160,-1660.87675738602,-65.4594348100945,False
M0161,-1121.18880676001,-208.300743180327,False
M0162,-524.206879302976,-465.75152848009,False
M0166,-1725.57190140302,-90.0306313196197,False
M0169,-1102.03460456501,-211.618989679962,False
M0175,-966.553889503004,-254.647539489903,False
M0177,-1008.266485759,-242.079747700132,False
M0179,-812.581744137977,-324.419576190412,False
M0181,-1599.82738116902,-56.3653890695423,False
M0182,-1628.73765284201,-50.7609572801739,False
M0184,-1646.22311910498,-50.6669039297849,False
M0185,-1619.44443669898,-52.2099758600816,False
M0188,-588.921600758971,-457.951956929639,False
M0198,-963.824142673984,-253.962399929762,False
M0202,-303.622052390012,-565.056487609632,True
M0205,-316.250968672975,-571.234181609936,False
M0206,-384.449517532019,-607.942799779586,False
M0208,-291.654117089987,-559.675565670244,False
M0209,-303.25655398902,-565.19151119981,True
K0129,-332.416038236988,-574.102872090414,False
M0213,-367.162268584012,-593.490661240183,False
M0215,-293.278592698975,-559.374680140056,False
M0217,-326.583371347981,-574.697303550318,False
M0219,-411.588528531021,-611.693198489957,False
M0223,-266.774924874015,-531.577981250361,False
M0224,1246.98028559401,-564.68049918022,False
M0226,-325.128795903991,-573.89250981994,False
M0228,-265.61455753498,-534.077028900385,False
M0229,-430.307473870984,-579.857392249629,False
M0232,-332.459217256983,-575.417229609564,False
M0235,-281.24430612399,-552.093293510377,False
M0236,-233.993663107976,-538.289406740107,False
M0238,-244.715907084988,-530.002676599659,True
M0239,-269.185629442974,-536.552277049981,False
M0240,-197.929200969986,-513.412813720293,False
M0241,-343.841234821011,-575.301961770281,False
M0243,-279.707368956006,-551.896830069833,False
M0245,-281.573631335981,-548.488362619653,False
M0247,-166.785091986007,-500.632433660328,False
M0249,-279.339305631991,-549.823102129623,False
M0251,248.844282475009,-390.552754970267,True
M0252,250.779779796023,-390.3782585999,False
M0253,249.464202802978,-390.372902159579,False
M0254,306.711829903012,-381.405445160344,True
M0255,250.945253560029,-386.708752799779,False
M0256,251.846489713003,-397.35705143027,False
M0257,276.066945352009,-385.669139039703,False
M0258,251.893267814012,-390.28703526035,True
M0259,253.546040693007,-386.806865329854,True
M0260,252.150787864986,-389.746790580451,False
M0261,254.269413560978,-398.059568709694,False
M0262,257.508594925981,-391.779242640361,False
M0263,249.560940065014,-390.838136269711,False
M0264,250.856385020015,-387.062038809992,False
M0265,251.701092444011,-387.858523230068,False
M0266,252.869096876995,-390.861729290336,False
M0267,299.418935353984,-380.751322019845,True
M0268,251.947510429018,-389.912275039591,False
M0269,255.734722213005,-391.075978090055,False
M0270,250.551056944998,-389.788330890238,False
M0271,249.08892551699,-389.694769389927,False
M0272,248.662010242988,-389.165994480252,False
M0273,252.714925020002,-388.614639360458,False
M0277,253.697223506984,-391.111670370214,False
M0278,251.318101603014,-391.204741479829,False
M0279,253.402238495997,-394.123471739702,False
M0281,248.630108312005,-391.176755869761,False
M0282,313.88010271301,-376.849991659634,False
M0283,259.914000149991,-386.866905120201,True
M0284,248.841305872018,-390.546059769578,False
M0286,272.231813599006,-383.915255519561,False
M0287,293.71617431601,-381.910064339638,False
M0290,316.975858699996,-377.348770200275,False
M0291,314.327092433989,-377.595526140183,False
M0292,269.159298291022,-381.314541529864,False
M0293,303.844717464992,-379.858607079834,False
M0295,317.973599506018,-377.581659640186,False
M0296,252.839798910019,-386.95246927999,False
M0297,297.335632562987,-380.86981854029,False
M0299,304.621591433999,-380.770953250118,False
M0306,-72.6225333199836,-467.009141270071,False
M0310,-70.5450948450016,-467.903462709859,True
M0312,-205.325131455029,-507.370026919991,False
M0317,-121.342934844026,-478.593775750138,False
M0319,-110.703092244978,-472.647299010307,False
M0320,-70.493709057977,-470.780206459574,False
M0323,-80.7922654739814,-472.201849910431,True
M0329,-57.7064519089763,-469.990816250443,True
M0331,-117.376291792025,-475.359845509753,False
M0332,-63.8096051770262,-466.865067020059,False
M0333,-63.8027714199852,-463.279349080287,True
M0334,-160.774809467024,-485.3252409501,False
M0336,-151.699097099015,-478.929820070043,False
K0632,-53.9588800540078,-461.615093789995,True
M0344,-123.639042617986,-476.536591909826,True
M0346,-51.9805922479718,-460.56940589007,False
M0347,-50.4500940599828,-459.870878580026,False
M0351,-2165.29687718803,-256.611287959851,False
M0352,-2180.81493614602,-265.413042110391,False
M0354,-2161.64527710603,-251.624818789773,False
M0358,-2023.29819525097,-186.013121609576,False
M0360,-1944.93683525798,-146.65058735013,False
M0363,-1951.86891348503,-161.479666950181,False
M0364,-1953.52131676802,-161.413508459926,False
M0367,-2029.21077735,-189.726243239827,False
M0369,-2171.238641262,-259.71541022975,False
M0372,-1958.76344362798,-164.473406859674,False
M0379,-2171.714820989,-260.057679129764,False
M0381,-2183.89710661699,-267.137648119591,False
M0383,-1950.53556922602,-161.936499929987,False
M0384,-2197.53363775503,-279.562863759696,False
M0385,-2180.28720417101,-265.988626600243,False
M0388,-1915.83163119899,-146.991368910298,False
M0390,-2167.80031504901,-260.049210580066,False
M0393,-2168.30699467799,-259.566034070216,False
M0395,-2172.27912523597,-260.535555680282,False
M0401,-271.446956412983,-541.203934960067,False
M0402,253.340992657992,-379.865161729977,False
K0464,-145.696838796022,-488.546510980465,False
M0411,-343.558841340011,-576.581003390253,False
M0413,-174.682709572022,-502.165579199791,False
M0415,-156.770180710009,-476.808003430255,False
M0416,1202.37136033998,-548.485964830033,False
M0417,-309.758087353024,-569.565942710266,False
M0418,-343.016965992982,-577.658544059843,False
M0419,-2203.11314398999,-283.689340420067,False
M0420,-242.040027549025,-523.711991519667,False
M0421,-343.620697072998,-577.106704239734,False
M0423,1221.79919374897,-562.498100940138,False
M0424,-210.047314942989,-507.973798479885,False
K1211,320.787684686016,-372.121806080453,False
M0427,-333.466884359019,-575.934835590422,False
M0428,1202.60479222803,-548.828270110302,False
M0429,-151.731210242026,-490.825109080411,False
M0430,-223.547981865995,-516.252106159925,False
M0431,1188.11612289899,-545.731707570143,False
M0434,-341.358686201973,-577.63332366012,False
M0435,1201.78132697998,-555.73227708973,False
M0437,1213.46326206601,-551.810495750047,False
M0439,-344.099912035977,-579.630078510381,False
M0440,1216.20136352198,-553.786447119899,False
M0441,1221.08670217998,-561.571001010016,False
M0443,1213.55555551598,-551.741521099582,False
M0445,-2262.03501194401,-358.127441270277,False
M0447,242.31289303099,-381.663609789684,False
M0451,-352.65913354099,-13.9147497396916,False
M0453,-144.82278537302,471.813167580403,False
M0455,-145.670184727001,473.499242769554,False
M0458,-144.539542281011,472.36977593042,False
M0459,-144.659984102007,473.439386029728,False
M0460,1188.26541764499,-545.218035570346,False
M0461,-174.985651362978,563.58217469044,False
M0464,27.5078751710244,-58.980066630058,False
M0465,-144.506731670001,471.901899090037,False
M0466,23.2091925159912,-80.9523191601038,False
M0467,-145.145244211017,473.581258759834,False
M0468,1214.55019911798,-559.109154730104,False
M0470,-177.173884867982,564.797566150315,False
M0472,333.04532557301,-384.767410839908,False
M0473,-144.637031844992,471.785604439676,False
M0474,-44.1303386050276,-223.09622438997,False
M0475,-143.721771078999,471.913344839588,False
M0479,-147.512954304984,475.865782150067,False
M0481,21.2573222119827,-82.8012019395828,False
M0482,-58.2024054519716,-178.985389900394,False
M0484,341.351048615994,-385.707851779647,True
M0485,-101.462044165994,-170.848190600052,False
M0488,-126.401417402027,458.145688019693,False
M0489,1188.47008801601,-545.729939050041,False
M0492,-61.2081346500199,-183.352507440373,False
M0494,474.076887632022,-354.721783270128,True
M0495,22.2022472380195,-84.4860908100381,False
M0497,-36.8035758410115,-156.898072619922,False
M0505,-2262.33573301998,-369.322408949956,False
M0508,1608.968556187,-608.997382800095,False
M0509,-2223.87835377897,-285.347343710251,False
M0514,1641.76513265201,-743.948355380446,False
M0516,1583.86758847698,-282.959373109974,False
M0517,1568.98627343902,-536.814624629915,False
M0523,-169.946456097998,561.74273695983,False
M0526,1184.359539447,-553.368374889717,False
M0529,1188.09655571601,-545.634885650128,False
M0532,-2234.44147078,-296.13109083008,False
M0534,-2260.84304733103,-364.74383237958,False
M0536,1408.67473379202,-294.610975540243,False
M0537,1614.54023167701,-614.148202099837,False
M0540,-2223.23159044801,-285.691055940464,False
M0541,-2229.28355272103,-328.262349150144,False
M0544,-2202.23787956702,-282.493113050237,False
M0545,-2211.09998737002,-271.605523150414,False
M0547,1288.65841976303,-302.373361010104,False
M0548,1640.80276785599,-741.696052449755,False
M0557,-1220.14376221702,523.800474399701,False
M0575,-2261.44475055399,-369.390118869953,False
M0579,1422.34155848,-290.174758690409,False
M0580,698.786757884023,-390.690290420316,False
M0583,1568.56294169702,-274.88879545033,False
M0584,-2262.19079532102,-368.292370799929,False
M0589,1399.80496269302,-277.027299010195,False
M0591,-2262.53975041898,-368.126334779896,False
M0592,-2253.29969144298,-158.47859187983,False
M0593,-2259.41286962997,-160.835573079996,False
M0596,-2262.56974233,-364.522411249578,False
M0597,1447.09263838897,-289.74888744019,False
M0602,-1008.75532659597,492.094403389841,False
M0603,-725.303877587023,388.941858460195,False
M0605,-923.421291164996,472.47146444954,False
M0606,-1171.411435713,581.528601209633,False
M0607,-1179.32007482799,565.3836301798,False
M0613,-1182.90945117897,568.617032470182,False
M0616,-1206.05459187302,572.55483769998,False
M0617,-2260.41529767,-365.358282879926,False
M0618,-1003.27996437799,489.395586379804,False
M0619,-2235.95936616103,-297.844288449734,False
M0620,-2261.75841038401,-365.227770769969,False
M0622,-2224.02877475199,-285.283474080265,False
M0623,-1164.68640291097,563.336579229683,False
M0624,-2262.021621519,-357.873285409994,False
M0625,-1175.90215174999,568.731847180054,False
M0626,-2261.00511265203,-364.682052790187,False
M0627,-2262.448578323,-363.687556089833,False
M0628,-2232.65121915599,-295.073914379813,False
M0631,-920.53297425498,480.373128719628,False
M0634,-923.100352491019,480.760047920048,False
M0637,-937.482663572999,479.729956950061,False
M0638,-921.379820880014,482.602331180125,False
M0640,-951.172438493988,478.961019589566,False
M0643,-842.991301465023,437.341989370063,False
M0644,-998.630567152984,500.606010920368,False
M0645,-920.719450429024,479.307987309992,False
M0646,-1001.83951409202,487.806151960045,False
M0648,-1019.47949949699,509.17092259042,False
M0649,-1167.122715445,563.515589879826,False
M0650,-924.677415872982,516.606598339975,False
M0652,298.755072884029,-383.500389209948,False
M0653,1505.13008796802,-693.635971999727,False
M0654,1493.630211282,-695.469125569798,False
M0656,298.124410912977,-383.446926189587,False
M0657,271.887545949023,-387.270777669735,False
M0658,1460.77359441802,-688.183133440092,False
M0661,1465.40370425,-691.32071909029,False
M0663,270.651843835018,-387.019759640098,False
M0666,263.394343808992,-387.20662692003,False
M0667,1468.52586388,-691.278456440195,False
M0668,1457.83386286598,-687.702073870227,False
M0669,1494.83414148598,-695.709593039937,False
M0670,1457.33740531502,-686.566307060421,False
M0672,1516.07172561903,-694.364311030135,False
M0673,1493.815007639,-695.605462210253,False
M0674,1508.53813935001,-703.170268000104,False
M0675,296.774040037999,-382.734927400015,False
M0681,266.983073353011,-388.572506899945,False
M0682,269.951438140997,-389.847274060361,False
M0683,299.736334729998,-383.786406739615,False
M0684,265.418731625017,-386.570012110285,False
M0685,297.128922090982,-383.630493910052,False
M0686,1467.04899881099,-690.797432829626,False
M0687,1492.77101555699,-696.744815330021,False
M0689,265.538928057998,-385.126558789983,False
M0693,268.189199856017,-387.520594780333,False
M0694,265.146533861,-387.217816430144,False
M0695,298.829309883004,-383.135839429684,False
M0700,266.180407469976,-388.482754220255,False
M0701,-672.273332082026,387.512090279721,False
M0702,-471.099065380986,427.785859020427,False
M0703,849.081589519978,-29.6832451196387,False
M0704,837.914952804975,-38.5860640602186,False
M0705,-444.857795585995,435.064919009805,False
M0706,824.538701970014,-54.6167054502293,False
M0707,-506.444914717984,422.939609410241,False
M0710,-497.904360686021,425.032795709558,False
M0712,854.766423414985,-24.5560736004263,False
M0715,837.902370386,-38.0006987899542,False
M0717,762.274769634008,-84.4905073801056,False
M0718,-342.074942454987,796.332935160026,False
M0720,-439.038794071006,436.932498780079,False
M0721,-432.799005231995,437.704976099543,False
M0722,136.793378108996,13.0570258600637,False
M0723,-356.509442106995,795.938555330038,False
M0725,-495.526931428001,425.454332699999,False
M0727,854.176015794976,-26.07444052957,False
M0729,829.791333641973,-45.9490984603763,False
M0730,804.515256310988,-66.312706570141,False
M0731,846.860665527987,-30.642178280279,False
M0732,831.456175998028,-45.0008541597053,False
M0735,835.900643268018,-39.2196176396683,False
K1632,231.456904200022,-69.5945641100407,False
M0738,648.921913915023,-94.1869282601401,False
M0739,444.819516588002,-78.6190357003361,False
M0740,831.010246478021,-45.7645252197981,False
M0741,428.975344059989,-79.4429400004447,False
K1173,737.326546614,-73.920156929642,False
M0746,824.358873741003,-52.3793498398736,False
M0747,-1020.57391142199,509.813735569827,False
K0595,330.350718826987,-384.299629029818,False
M0759,326.613414223015,-385.271987769753,False
M0760,-147.754722566984,-280.238255860284,False
M0761,332.854449948005,-382.406655919738,False
M0763,-132.571363052004,-272.232422860339,False
M0764,-147.038773185981,-280.813510360196,False
M0765,330.830018316978,-382.84228997957,False
M0766,331.142569969001,-381.708522849716,False
M0767,82.6953740949975,-422.822294410318,False
M0769,57.5835113120265,-430.525411309674,False
M0771,324.387571157014,-380.701552099548,False
M0774,-143.572445470025,-280.269327909686,False
M0775,345.444706931012,-381.889808090404,False
M0776,342.735271107988,-384.828868789598,False
M0777,-143.160107403994,-280.013958279975,False
M0778,-132.546841641015,-273.068893729709,False
M0780,343.451956000994,-387.520682949573,False
M0781,342.37690875202,-390.047651479952,False
M0782,350.663172769011,-388.832400489599,False
M0785,338.361580531986,-385.04254859034,False
M0786,181.493671032018,-402.309795909561,False
M0787,-102.689530240023,-257.575745680369,False
M0788,345.198716053972,-381.936010479927,False
J0453,181.676666521991,-402.457253419794,False
M0791,347.74867940601,-392.521051360294,False
M0792,-78.1945022559958,-472.406659569591,False
M0793,-135.064524081012,-480.803205279633,False
M0794,70.2237872729893,-423.564280450344,False
M0796,350.061374285026,-389.447772019543,False
M0798,-288.036305107002,-565.267487370409,False
M0799,349.53543032601,-386.003994620405,False
M0801,-2232.28766003298,-294.935833930038,False
M0804,322.226966242015,-370.388341479935,False
M0805,1250.70939520601,-565.388847020455,False
M0807,273.99640953698,-376.969325459562,False
M0808,1268.55004484701,-554.508898070082,False
M0810,1284.62683061301,-549.897673360072,False
M0813,-2228.095923741,259.216092810035,False
M0814,1398.64484721399,-496.382404919714,False
M0815,1302.157551935,-542.443527899683,False
M0816,1410.36603989301,-653.329700689763,False
M0817,-2173.69814590202,301.664651080035,False
M0820,1251.03261283803,-566.144101819955,False
M0822,-2154.65927094198,311.154451170005,False
M0824,1385.89183813398,-502.93714896962,False
M0827,1401.53197382001,-645.972933780402,False
M0828,1294.55701402703,-281.866703259759,False
M0829,1282.634608105,-551.471068429761,False
M0830,1252.46939182101,-567.211083110422,False
M0832,-2224.38921167102,-284.478771249764,False
M0835,-2222.900894563,-285.875764589757,False
M0839,-2146.899863926,314.203851499595,False
M0840,1419.92005370598,-657.40041405987,False
M0841,1332.20861456799,-537.698166330345,False
M0842,1584.91223782301,-717.083217890002,False
M0844,-2267.53844891198,246.80751415994,False
M0848,-2219.84656993399,-278.18745332025,False
M0849,1376.56146961299,-620.169879820198,False
M0850,-2254.99973942101,247.551232989877,False
M0851,232.26249611302,-380.133367160335,False
M0852,-1853.78455061599,40.2530585397035,False
M0853,497.32169385202,-369.558959550224,False
M0854,274.030568745977,-375.259532679804,False
M0856,-1747.83896662702,193.261879989877,False
M0857,695.383452269016,-386.582599380054,False
M0859,688.647397827008,-417.396264749579,False
M0860,30.316009223985,-431.331069420092,False
M0861,-1182.36567622301,222.898433339782,False
M0866,114.450392925006,-408.660303729586,False
M0867,286.123629309994,-373.45812102966,False
M0873,694.144371829985,-386.690309359692,False
M0877,566.289517960977,-430.167239730246,False
M0878,164.489729212015,-389.757963290438,False
M0880,375.204280857986,-372.404693610035,False
M0883,178.806009182008,-386.673774300143,False
M0884,315.778136171983,-369.646749899723,True
M0888,-1186.48918861098,330.89802226983,False
M0897,-1768.56531498802,166.964493650012,False
M0898,-1192.61832742603,221.71002862975,False
M0899,-1313.55204065802,156.81157517992,False
M0900,314.651231641008,-368.647332159802,False
M0921,-2220.73247942398,-140.611531480215,False
M0922,-995.644403399026,532.253533840179,False
M0902,-2203.76274913299,-133.477413440123,False
M0927,-1755.095038664,356.34894881025,False
M0931,-2158.33254192799,-78.8572806203738,False
M0932,-2233.58244549599,-147.796109500341,False
M0933,-920.486702439026,513.817584089935,False
M0935,-2218.52304875897,-140.326396630146,False
M0936,-2197.29440470401,-130.460271470249,False
M0938,-2140.20774130599,-48.7529050800949,False
M0939,-926.143993807025,516.202954259701,False
M0944,-2218.49602070899,-140.628756109625,False
M0948,-2213.781280589,-137.326617379673,False
M0949,-2134.75365559699,-42.7026979196817,False
M0950,-939.251834327995,517.192183329724,False
M0952,-1016.30308933702,-207.009436230175,False
M0953,-946.242624500999,-259.909240569919,False
M0956,-1950.29862801899,-160.351118559949,False
M0957,-1532.93773987901,-78.005386820063,False
M0961,-2167.90832785401,-260.342287830077,False
M0970,-825.271691088972,-245.361525240354,False
M0971,-2262.09536790702,-364.976360060275,False
M0972,-947.488981523027,-260.295316079631,False
M0973,-820.243940240005,-250.662719190121,False
M0975,-936.254152941983,-262.750891700387,False
M0976,-1948.91506764299,-159.229373959824,False
M0980,-1334.894757592,-203.613582899794,False
M0982,-2262.808783499,-364.932845870033,False
M0984,-1890.49747227901,272.250633959658,False
M0986,-1526.58408156002,-81.9603191399947,False
M0987,-1957.66975650302,-164.673265930265,False
M0989,-1909.57298486098,257.765481810085,False
M0991,-947.533920905029,-261.60188035015,False
M0995,-989.073115070001,-248.60634781979,False
M0996,900.185107298021,-61.0536654796451,False
M0997,-824.307287700009,-246.427087210119,False
M1001,-162.981062737003,-486.711561149918,False
M1002,-924.598781753972,472.266752609983,False
M1004,-2168.91130024102,-261.581513009965,False
M1005,18.4052099399851,-440.139031019993,False
M1006,76.2411526839714,-412.852204999886,False
K1804,27.6948137300205,-434.902841860428,False
M1008,-268.153898368997,-535.353079239838,False
M1009,-395.885938660998,-608.465390860103,False
M1013,-1072.41551938199,-215.12685163971,False
M1015,-422.645479115017,-599.523573510349,False
M1016,-181.66407835501,-494.611501949839,False
M1017,-1745.67770605901,-102.21271406021,False
M1018,-304.601959383988,-568.15297419019,False
M1019,-1955.39439093502,-163.580335889943,False
M1020,-188.97645385901,-499.432519540191,False
M1022,68.6930820799898,-415.769759720191,False
M1024,203.353797286982,-367.499366159551,False
M1025,-216.030550250027,-513.044687620364,False
M1028,-345.323337821988,-575.887683469802,False
M1029,26.8062693580287,-433.583921059966,False
M1030,-1176.17648373399,568.28067795001,False
M1032,-360.968649000977,-592.561015600339,False
M1033,-342.791546825028,-574.49053393025,False
M1034,-2260.89874941797,-361.323965149932,False
M1035,-206.771152602974,-518.630264040083,False
M1038,170.496176060988,-388.167301869951,False
M1039,18.8147993489983,-438.907496079803,False
M1040,75.112821969029,-413.86273005046,False
M1041,-2262.66575755097,-364.781195649877,False
M1043,-1955.802007347,-163.78345935978,False
K0536,-47.4746317049721,-455.735520499758,False
M1047,212.271448743995,-379.731442180462,False
M1048,691.130184612004,-424.447965060361,False
M1049,-2142.69667062903,-49.8511638399214,False
M1051,853.268343870004,-23.2051716502756,False
M1054,1026.429048085,-222.450580430217,False
M1056,-141.228111876,-272.851175930351,False
M1057,860.335815273982,-20.5403724303469,False
M1058,379.05164770101,-380.653936009854,False
M1061,-153.86881383101,-289.775299100205,False
M1062,899.999911130988,-62.2854358395562,False
M1064,864.040792783024,-18.1326303202659,False
M1065,-146.472284391988,-275.57035598997,False
M1066,896.767395798001,-38.4395430097356,False
M1068,492.498790527985,-382.163225360215,False
M1069,1066.55097307998,-253.538816980086,False
M1072,1026.319012805,-228.48270738963,False
M1075,899.198104990006,-56.7365790298209,False
M1076,1048.65736358898,-242.744199399836,False
M1081,-68.2120998669998,-231.309797080234,False
K0773,-211.428326840978,-517.630075070076,False
M1092,-113.718804866017,-255.625692489557,False
M1094,849.931765553018,-28.2231932198629,False
M1100,490.348352139001,-383.326029860415,False
M1101,902.005711469974,-80.7411518199369,False
M1102,994.665501863987,-199.684895199724,False
M1104,906.396669102018,-125.11472291965,False
M1106,967.357683265,-181.185602329671,False
M1108,1003.02931109699,-204.701797050424,False
M1109,907.820890452014,-134.971197389998,False
M1110,966.481878881983,-184.467711890116,False
M1111,978.713072407991,-192.382299910299,False
M1112,988.772772461991,-200.08036259003,False
M1114,993.335130954976,-206.160354250111,False
M1116,1030.25238039502,-247.573127260432,False
M1118,966.475402214972,-186.224442089908,False
M1119,1021.47252972599,-221.09819675982,False
M1122,973.468590449018,-191.497643140145,False
M1123,904.033841027995,-120.958330649883,False
M1124,978.300532890018,-191.577211690135,False
M1125,907.410717623017,-121.83743513003,False
M1130,901.820154896996,-90.7746877698228,False
M1131,898.532578169019,-78.6594573501498,False
M1132,902.701856639003,-99.7980240900069,False
M1133,901.732942018018,-81.0802562301978,False
M1135,913.218308811018,-164.372787109576,False
M1136,910.279527989973,-159.710495349951,False
M1137,904.412102395028,-113.077888620086,False
M1138,904.785302555014,-113.078562339768,False
M1139,904.559573056002,-111.583636960015,False
M1141,902.087123567006,-90.8686134498566,False
M1142,957.399171572994,-178.033840020187,False
M1145,1064.46500193398,-256.435963439755,False
M1146,967.251103177026,-180.765803690068,False
M1147,980.539247399021,-194.757233610377,False
M1148,911.279264316021,-161.238157070242,False
M1149,1028.11828492099,-223.549188449979,False
M1150,1021.94619160303,-219.414212860167,False
M1152,-998.360302585003,500.598594480194,False
M1153,-1166.61534239299,562.250684089959,False
M1157,-2204.33153109002,-136.148484660313,False
M1158,-1912.31087954901,13.3750699004158,False
M1161,1515.16730594001,-690.001565029845,False
M1162,1497.59211266303,-694.86388752982,False
M1165,1514.60516652197,-694.788456450216,False
M1166,-1177.29988028499,568.415225709789,False
M1167,-920.721722659015,473.847678160295,False
M1168,1515.71459971898,-693.771950550377,False
M1170,1514.63063869101,-694.826484209858,False
M1172,-2192.42945236003,-128.927721190266,False
M1174,1475.81747244002,-693.823614720255,False
M1175,-995.060773825971,500.336850159802,False
M1176,-2169.76237003203,-98.9552377900109,False
M1178,1463.7143845,-691.102839229628,False
M1179,1463.31146503298,-689.440586299635,False
M1181,-2186.79668938398,-123.253789310344,False
M1184,-1166.04879475001,562.839664390311,False
M1185,-2211.08877053601,-137.45998733025,False
M1186,-986.354473339976,495.927854030393,False
M1187,-1154.059909045,559.445895420387,False
M1188,-1172.21643032401,565.134251570329,False
M1189,1476.71026518103,-693.843116089702,False
M1190,-2152.65925708797,-73.695717879571,False
M1191,-1178.358118548,567.136495930143,False
M1192,-1169.89608810301,563.442903730087,False
M1194,-922.475027702982,473.573782670312,False
M1195,-921.758828712977,474.315496600233,False
M1196,-1178.571782118,567.576390869915,False
M1197,-1207.36428615497,570.695873349905,False
M1199,1656.24116367602,-758.677316600457,False
M1202,-474.058994005027,426.110264049843,False
M1203,-665.716390458983,387.653453850187,False
M1204,-659.229612039984,387.655669320375,False
M1205,-115.142314822995,-255.257071140222,False
M1208,-923.498809417011,472.285752549767,False
M1209,-658.093176108028,387.940831669606,False
M1210,-874.648202589015,446.467154660262,False
M1212,-737.240162184986,388.505299390294,False
M1213,-507.413041998981,420.442688300274,False
M1217,-122.895600858028,-261.237157260068,False
M1221,-442.192259972973,436.788162590005,False
M1223,-36.1804515990079,-209.933277050033,False
M1224,124.49785672198,39.4980034902692,False
M1226,-139.915311247983,463.496540869586,False
M1227,-474.365267169022,427.037547250278,False
M1228,-12.2958741940092,-194.357084150426,False
M1230,-846.053159891977,433.251219170168,False
M1231,-145.539054929977,-272.323423519731,False
M1232,-918.463618676993,477.541920259595,False
M1233,-115.082635827013,-254.914576759562,False
M1237,-155.476640432025,-275.955436269753,False
M1240,-468.660160955973,428.969646169804,False
M1241,-493.833854150027,424.192062109709,False
M1242,-128.402592577972,-264.513181920163,False
M1244,-83.6060332990019,-237.681046470068,False
M1246,-128.216522831004,-264.066565440036,False
M1249,-152.586391174002,-277.021872449666,False
M1258,430.077781428001,-80.6752802701667,False
M1261,293.151553469012,-59.2284511998296,False
M1262,434.130290579982,-82.1960039101541,False
M1263,114.342252648028,51.2372552696615,False
M1267,414.710559636995,-85.763052069582,False
M1268,371.84619606199,-74.2238199403509,False
M1270,417.760648157971,-84.2302004797384,False
M1271,473.905090153974,-67.7292512301356,False
M1272,419.763847464987,-83.9742141598836,False
M1274,423.774830608978,-86.6083217700943,False
M1277,434.026206227019,-78.564671699889,False
M1278,418.168298407982,-83.887018780224,False
M1280,439.601960945991,-79.4355449900031,False
M1281,417.121084492013,-85.2016382999718,False
M1282,418.413825611002,-84.8058292698115,False
M1285,440.734646960977,-79.3167377803475,False
M1286,448.472282634,-75.4846818000078,False
M1289,509.126006781007,-50.0715579697862,False
M1290,294.693999144016,-55.0607921201736,False
M1291,442.943665701023,-77.8036660896614,False
M1294,423.026566557004,-84.6357742100954,False
M1295,473.220739495999,-67.2243628604338,False
M1296,487.032898685022,-63.8642703304067,False
M1297,417.283974167018,-85.280021940358,False
M1298,418.563032268023,-85.2049981495366,False
M1303,638.582559521019,-95.1494283704087,False
M1305,751.133572467021,-74.1208454603329,False
M1306,-145.750813361024,-280.507702049799,False
M1307,492.479261471017,-59.4977222699672,False
M1310,-772.195785331016,-251.890732550062,False
M1311,321.096795696008,-373.935255640186,False
M1315,-150.47794553102,-284.079814399593,False
M1317,745.853634756,-73.685384250246,False
M1319,-162.243441789993,-291.122251380235,False
M1320,-433.799907953013,-596.524463149719,False
M1323,-145.782417600974,-280.882706089877,False
M1324,476.30091646401,-66.054942839779,False
M1326,-436.578275978973,-592.026588289998,False
M1328,749.902582146984,-72.2708504004404,False
M1329,577.704021959973,-95.7594626396894,False
M1331,478.329228718998,-64.3189213499427,False
M1332,666.691206433985,-84.5903606396168,False
M1336,779.540148195985,-74.1419877996668,False
M1340,770.838274389971,-85.9051788002253,False
M1345,689.583601246995,-88.2049129903316,False
M1346,702.923916562984,-73.1980098504573,False
M1348,611.778980744013,-96.1821894198656,False
M1350,535.643984468014,-52.5619334597141,False
M1351,-36.1905622850172,-157.193462830037,False
M1353,44.4240880539874,15.52606785018,False
M1356,-126.884647381026,459.610140579753,False
M1358,809.041011811001,-77.8771598497406,False
M1360,-126.817887086014,459.785983360372,False
M1362,486.809909834003,-376.601562400348,False
M1363,-77.5224648399744,-170.073517969809,False
M1364,468.159756466979,-378.655702600256,False
M1367,728.148616052,-381.27603331022,False
M1372,-36.9684333060286,-157.327153949998,False
M1373,-184.224789898028,569.995963780209,False
M1374,-210.984017918992,573.541175629944,False
M1375,-127.03333031002,459.833858040161,False
K1661,-185.071191816998,570.500463220291,False
M1377,-37.4542651330121,-157.923763969913,False
M1378,-185.891499283025,570.684855040163,False
M1379,1640.58576185699,-741.992468399927,False
M1381,1199.81629418902,-554.929488340393,False
M1383,825.673966941016,-51.687204759568,False
M1384,-741.785296357994,392.154283219948,False
M1386,-184.47809172899,570.08534105029,False
M1388,811.181889328,-75.5581339597702,False
M1389,-140.024993069994,353.95265433006,False
M1390,26.5690993209719,-62.8310705600306,False
M1391,-141.545999408001,570.491915809922,False
M1392,-183.957568206999,569.732086669654,False
M1394,1187.81493714801,-542.592460259795,False
M1396,1570.53161166399,-709.848701730371,False
M1397,765.824141856981,-427.101463209838,False
M1398,567.747005105019,-91.5699538299814,False
M1399,-184.150619024003,569.830802300014,False
M1404,-509.919918351981,426.471241359599,False
M1405,-1144.38062220102,558.642873910256,False
M1406,-1000.307369088,-245.083502200432,False
M1407,-1626.265291257,-60.1143876500428,False
M1408,-355.354071312002,795.648319610395,False
M1409,-1110.19942147599,552.072783949785,False
M1411,-369.774932565982,710.892499639653,False
M1412,-750.807158970973,390.280997830443,False
M1417,-357.991167675005,785.065169890411,False
M1421,-444.163967749977,435.746958030388,False
M1424,-1147.87812757801,562.879138690419,False
M1427,-1610.17309530801,-52.1395715195686,False
M1428,-558.589563979011,407.434420339763,False
M1429,-347.164468678006,810.240850280039,False
M1431,-1595.08765791199,-53.7427472202107,False
M1432,-664.761004169006,391.147723060101,False
M1433,-1184.54335056501,570.173103829846,False
M1434,-442.068497165979,434.850099660456,False
M1436,-358.431559063029,777.539679449983,False
M1438,-1399.928064343,-182.285895730369,False
M1439,-500.698696814012,424.304878260009,False
M1440,-666.30843389302,391.284613399766,False
M1442,-441.618960489985,434.674171149731,False
M1445,-1694.50534745603,-75.3083209395409,False
M1452,234.176688226988,-377.024716369808,False
M1454,240.494383966026,-379.565076099709,True
M1457,206.805015573977,-366.060897829942,False
M1458,559.429848557978,-434.467529949732,False
M1459,235.114731047011,-376.910496819764,False
M1460,233.824970767018,-376.956499679945,True
M1461,245.624896630994,-370.696677099913,False
M1462,235.832094323996,-375.988778909668,False
M1463,234.039125907992,-377.62067344971,True
M1464,241.110833656974,-377.749427040108,False
M1465,559.907740731025,-434.70366443973,False
M1466,207.121078874974,-365.45688004978,True
M1468,559.04864855198,-434.014781000093,False
M1469,556.547230662021,-433.434788689949,False
M1470,238.821810920024,-378.685224570334,False
M1473,240.85849444801,-377.704496460035,False
M1474,224.318982598023,-366.208365879953,False
M1475,-943.958684132027,-262.250856149942,False
M1476,234.90045335202,-376.737160639837,False
M1477,211.866566369019,-370.175687120296,False
M1478,240.654593452986,-377.554593199864,False
K0508,13.9960866050096,-433.334900950082,False
M1480,234.280283003987,-378.028615159914,False
M1481,249.35255667998,-367.182333540171,False
M1482,234.963788586028,-376.603476430289,False
M1483,322.611480424996,-369.839473229833,False
M1484,115.371303397988,-408.78911282029,False
M1486,-1338.92680228502,-202.219763619825,False
M1489,565.94588496798,-427.437273129821,False
M1490,-1598.55055810499,-51.4489157898352,False
M1491,247.820175461005,-380.894797840156,False
M1492,559.444245490013,-435.318323479965,False
M1494,281.226301443006,-377.345169739798,False
M1496,-1074.08851551497,-210.846324680373,False
M1497,565.908432030992,-428.411883049645,False
M1498,560.529688368028,-434.350569060072,False
M1499,-1595.28442824801,-54.804426940158,False
M1500,260.24542276602,-383.655608760193,False
M1501,362.080493801972,-75.775122740306,False
M1503,787.532164009986,-75.2739826096222,False
K1664,-659.136200227018,391.465881790034,False
M1506,790.049870412971,-71.9284753501415,False
M1507,-1629.15612455702,-49.5225461600348,False
M1513,-153.78397922701,340.104574839585,False
M1514,-157.856709108979,256.100870830007,False
M1516,702.608414937975,-74.5360915102065,False
M1518,357.787833841983,-71.9030633503571,False
M1521,-459.786616420024,429.294655569829,False
M1523,786.973732313025,-87.1780248098075,False
M1526,-151.950852247013,485.815288409591,False
M1528,-157.958210527024,254.542836680077,False
M1529,-1618.49279900501,-51.1000342098996,False
J1337,-139.826734045986,330.231371450238,False
M1533,-142.993806843995,464.719388370402,False
M1535,789.88920123101,-72.808480380103,False
M1537,820.106182602991,-54.6901263501495,False
M1538,-140.062926911982,330.795853770338,False
M1539,-138.815692532982,335.494123400189,False
M1542,-211.993234721012,575.936410170048,False
M1543,288.951398256992,-53.642744069919,False
M1547,-1625.811596705,-49.6573726898059,False
M1549,-1635.597050749,-49.6976213697344,False
M1550,-153.257354844012,488.592429179698,False
M1551,-439.254875915009,436.280775560066,False
M1554,-627.603461658,373.644517599605,False
M1555,-1165.48150726903,565.998338770121,False
M1556,-517.913152861991,421.344862029888,False
M1557,-117.053722582001,567.535767509602,False
M1559,-659.322524505027,391.313563819975,False
M1560,-656.464586534014,389.834158400074,False
M1562,-1136.10940777202,557.384537409991,False
M1563,-441.113569726003,434.987362580374,False
M1564,-490.946124508977,427.18438000977,False
M1566,-481.269136597984,427.785976669751,False
M1567,-374.044012370985,707.205605749972,False
M1568,-597.040318685991,389.872952049598,False
M1569,-492.622428045026,425.308195159771,False
M1250,-455.473558372993,436.270319069736,False
M1571,-438.403894086019,436.904462669976,False
M1573,-573.138173303974,399.896760869771,False
M1574,-596.989088060975,391.993445710279,False
M1577,-127.636153472995,569.479904130101,False
M1578,-138.884724708972,574.947144339792,False
M1580,174.867060713994,-397.469531469978,False
M1581,-495.88108666701,425.378248940222,False
M1583,-137.438130278024,572.498298999853,False
M1584,-349.082386246009,812.207377489656,False
M1585,-658.336037478002,391.367164090276,False
M1591,-519.773360768973,425.007645400241,False
M1593,177.443764247,-397.934985180385,False
M1594,-481.826073330012,428.561640970409,False
M1597,183.680828299024,-390.103605999611,False
M1599,-137.444082050992,572.261827629991,False
M1600,-509.072320464009,424.494167280383,False
M1601,-368.128223857027,-603.530119740404,False
M1602,-2261.08373700897,-364.446857050061,False
M1603,-144.038796365028,579.532962090336,False
M1604,63.2126150259865,75.2778533101082,False
M1605,562.674400835007,-428.421441519633,False
M1606,-145.627032492019,578.468623209745,False
M1607,-2260.74053339002,-365.25247946009,False
M1610,-2261.17140716198,-361.144345840439,False
M1611,-2150.38003373798,-249.360824299976,False
M1612,-2185.10159222002,-269.573964820243,False
J1675,-2190.90784369898,-273.314793510363,False
M1614,-1138.005574329,560.533728250302,False
M1615,-177.836837379029,-295.614387829788,False
M1617,60.6077430360019,69.0995576996356,False
M1619,-522.020057384972,415.957215930335,False
M1621,279.432376685028,-377.695553990081,False
M1623,-18.5643362440169,-452.036286859773,False
M1625,-170.422823810019,-297.599593659863,False
M1626,-2261.48051646102,-362.617860560305,False
M1628,-203.126794068026,-512.978651899844,False
M1631,-201.451741555997,-511.547692700289,False
M1633,-132.428358577017,569.900738160126,False
M1634,-40.0469080149778,-156.295365470462,False
M1638,475.995884709002,-365.153378560208,False
M1639,-176.983344751003,-296.355496220291,False
M1640,-2261.59683489101,-360.80865794979,False
M1641,-224.647819990001,-526.845370640047,False
M1644,-147.303188679973,-280.576318290085,False
M1647,-171.643938715977,-297.775086499751,False
M1652,21.8279727729969,-75.9023304898292,False
M1653,-151.340147975017,-282.033780669793,False
M1654,22.1016854179907,-75.3134078104049,False
M1656,-18.3903628319968,-155.022611490451,False
M1658,-60.0259497389779,-230.857967169955,False
M1660,-71.6960007050075,-237.066496290267,False
M1662,-945.024863142986,486.906783389859,False
M1663,44.1013720239862,-11.6753753200173,False
M1666,-148.063450073998,-280.400360439904,False
M1667,43.225134992972,-13.3571499297395,False
M1668,-942.863423024013,491.438288469799,False
M1669,-949.705508053012,488.932733699679,False
M1670,-150.311452692025,-278.995550580323,False
M1672,-942.025705109001,483.824363050051,False
M1675,-1067.93044668401,533.455881609581,False
M1678,-1166.62476301298,565.878798830323,False
M1679,-1207.40279687499,416.558582359925,False
M1680,-945.471901749028,488.529700250365,False
M1681,-947.470926736016,487.265725369565,False
M1683,-1199.67511630402,573.382836460136,False
M1684,-1177.01631863398,569.471516829915,False
M1686,-950.24450030498,487.963641770184,False
M1687,-674.328497626993,390.942737150006,False
M1688,-937.388432495005,483.353596690111,False
M1689,-1107.12701007398,549.560280869715,False
M1690,-1207.551954808,571.310941739939,False
M1691,-1001.09388450498,506.396624529734,False
M1692,-947.619596338016,490.942009200342,False
M1693,-1186.661128662,570.052103029564,False
M1694,-1107.26775271498,547.518508370034,False
M1695,-1168.11358680099,564.034018689767,False
M1698,-1204.90087029798,418.990735939704,False
M1699,-1183.32148274599,572.205169069581,False
M1700,-940.250037609017,463.901322060265,False
M1701,-925.95187521202,472.900179119781,False
M1702,-921.068660881021,472.352316020057,False
M1703,315.121939954988,-383.520839559846,False
M1706,-675.491661119973,389.188678770326,False
M1707,314.981951605994,-380.745309250429,False
M1708,318.876717621984,-384.735240349546,False
M1709,-872.580261067022,447.809238529764,False
M1710,-921.437096556998,473.645658610389,False
M1713,-870.78472207702,448.416943330318,False
M1714,-921.960755773005,474.033428410068,False
M1715,-680.39005556202,388.96695872955,False
M1716,314.38314839598,-381.708295100369,False
M1719,-920.893933938001,474.154959339648,False
M1722,-668.096824295993,389.328630999662,False
M1723,-921.963529210014,474.163387539797,False
M1724,-678.886698939023,386.650636689737,False
M1725,-681.318912281014,388.961591919884,False
M1726,-926.055687632004,471.552061649971,False
M1727,317.997804198996,-381.477537550032,False
M1728,-921.422585421009,477.311263349839,False
M1729,-682.215655573003,387.728770690039,False
K0582,336.607152989018,-394.971392289735,False
K0584,318.036751568026,-383.255861099809,False
M1732,313.407405546983,-382.527281760238,False
M1733,-663.685970881023,385.641189300455,False
M1734,-934.967019248987,480.782810930163,False
M1735,-682.098546124005,389.001230739988,False
M1740,-850.27796690102,434.751269750297,False
M1741,-858.194263253012,438.879341320135,False
M1742,-673.136296656972,390.143437890336,False
M1743,-686.832136465993,387.351826810278,False
M1744,330.015803445014,-388.202728459612,False
M1746,-666.261447082972,389.677205000073,False
M1748,314.263203810027,-382.847476139665,False
M1751,320.487346736016,-373.657704040408,False
M1753,-664.699727896019,389.21256059967,False
M1754,257.453466820007,-390.94910611026,False
M1757,-921.452722948976,474.997310309671,False
M1758,-673.116949243005,390.104358370416,False
M1759,108.258246365993,-413.739191779867,False
M1760,307.617703984026,-380.34916825965,False
M1761,158.637315955013,-402.50965801999,False
M1762,256.142239482026,-393.191440129653,False
M1764,360.305616440019,-381.517414459959,False
M1765,-227.925420549989,-520.726370249875,False
M1766,257.14275444299,-390.160623090342,False
M1767,-93.7987192110159,-474.793371300213,False
M1769,71.0595943860244,-413.133578170091,False
M1770,354.655689010979,-379.14651430957,False
K0448,15.6300574020133,-457.494823929854,False
M1773,486.362434067996,-374.662252750248,False
M1775,333.53946065699,-373.158088089898,False
M1776,-244.552000864991,-527.87008749973,False
M1777,259.368054172024,-391.960389840417,False
M1778,-48.8064259670209,-466.791584289633,False
M1779,-668.065396728984,389.038446109742,False
M1780,259.114148689026,-393.453478690237,False
M1781,-47.8041999359848,-469.42546708975,False
M1783,-672.336064961972,390.893139869906,False
M1785,-82.8264821480261,-472.099779170007,False
M1786,-319.122718845028,-578.195665130392,False
M1787,26.0560216429876,-435.649072090164,False
M1788,256.719995084975,-391.478647050448,False
M1791,-308.33660464501,-576.595340579748,False
M1792,251.543428795005,-391.925670829602,False
M1795,141.183626397979,-394.884604520164,False
M1796,115.611093282991,-413.98883247003,False
M1799,67.4273873760249,-428.323507229798,False
K1156,27.5676724169753,-433.102458240464,False
M1801,-131.602437825,405.61020493973,False
M1802,349.080143822008,-382.191186210141,False
M1803,310.119698471972,-379.440082870424,False
M1805,239.832401663007,-378.979341530241,False
M1806,691.709519615979,-433.460301119834,False
M1807,328.995729018003,-380.874647639692,False
M1808,-139.29149596201,568.831614989787,False
M1809,-123.460237130988,594.278532570228,False
M1813,-142.679488695983,573.061730059795,False
M1814,477.808120411006,-373.199589540251,False
M1815,342.790473627974,-382.215360820293,False
M1818,342.822310585005,-381.785943520255,False
M1819,-133.538011246012,569.580774829723,False
M1821,237.097667282971,-377.499428129755,False
M1823,282.765341827006,-374.96870524995,False
K0631,59.0453739379882,-404.080380620435,False
M1826,234.35029686999,-371.615152720362,False
M1828,-131.260022517003,509.685692819767,False
M1829,240.075279635028,-371.943652279675,False
M1830,307.451949780982,-372.550590350293,False
M1831,-161.115325786988,-487.31709745992,False
M1832,-49.7257155739935,-459.346822770312,False
M1833,343.574577903026,-380.729111920111,False
M1834,304.90072465199,-373.432490349747,False
M1835,-127.507206869021,-477.800458810292,False
M1837,-219.575858842989,-514.292031669989,False
K0422,22.1282382059726,-437.611985609867,False
M1839,271.194081433991,-377.082254519686,False
M1840,-139.512470846996,328.209066280164,False
M1841,690.192146643996,-429.171903830022,False
M1843,206.003445806971,-365.261543519795,False
M1846,216.553613414988,-362.477409870364,True
M1847,224.187071924971,-367.157521479763,False
M1849,274.820029061986,-375.44242318999,False
M1850,350.390312645992,-381.705626839772,False
M1852,326.916102960007,-387.184201570228,False
M1856,-1185.57549421501,573.903563239612,False
M1858,207.234222816012,-367.610245459713,False
M1861,-1145.38890419097,559.241447580047,False
M1862,-1185.65004149301,573.688948240131,False
M1863,-1080.73189514602,541.362649019808,False
M1864,333.525222719996,-392.339511579834,False
M1865,-1127.87149706698,568.299901840277,False
M1866,-1146.85300744697,560.564653120004,False
M1867,-1132.51853708201,566.376661029644,False
M1868,-1203.15044158598,570.754869789816,False
M1869,-1082.34756589198,539.714697020128,False
M1870,-1164.72780772799,564.132155509666,False
M1871,316.955945625028,-382.451278960332,False
M1872,-1130.22165118798,567.601763689891,False
M1874,326.777266829973,-385.223787330091,False
M1875,315.204110499006,-384.198019649833,False
M1876,-1011.37480764498,507.479251880199,False
M1877,-1186.42952242203,573.568729690276,False
M1879,-1163.65157451102,564.838780160062,False
M1880,329.869634534989,-388.345512259752,False
M1881,533.993315230007,-52.9483510600403,False
K1920,540.161786217999,-58.7783432500437,False
M1883,535.600589810987,-55.7374802101403,False
M1885,532.942587659985,-49.4034246699885,False
M1886,489.173577694979,-58.8168523199856,False
M1889,513.134002805979,-51.7538880398497,False
M1890,499.580621253001,-55.924153120257,False
M1891,501.544564546028,-49.1402316698804,False
M1892,475.989050897013,-67.5407504001632,False
M1894,337.820229512989,-396.530316860415,False
M1895,433.278885070002,-81.9069645702839,False
K1928,445.573426892981,-76.5738709997386,False
K1390,339.557581913017,-398.424726479687,False
M1899,435.386442488991,-81.8231170503423,False
M1901,347.742655990995,-406.730877200142,False
M1903,538.236951182014,-56.3078339397907,False
M1904,336.701260928996,-395.596507879905,False
M1905,541.874721369008,-57.8218013998121,False
M1906,475.245527729974,-67.4716480495408,False
M1908,361.484419513028,-69.5743366703391,False
M1909,312.897282784979,-382.734979559667,False
M1910,312.567744007974,-382.543741780333,False
M1911,313.602742862015,-382.76815082971,False
M1912,306.024885436986,-381.374694460072,False
M1913,431.44701505499,-78.4613041402772,False
M1915,312.785613128974,-382.171861370094,False
M1916,470.357312482025,-65.3144978396595,False
M1917,430.731949807028,-81.0066096996889,False
K2033,251.474671437987,-388.083723899908,False
M1920,312.733606125985,-381.852586840279,False
M1922,281.229235548992,-390.02150235977,False
M1923,263.050447751011,-390.565484230407,False
M1924,258.536976311007,-393.125188260339,False
M1925,270.279442212021,-391.817510359921,False
M1926,265.026041826,-394.361437819898,False
M1927,306.355705638009,-384.251123200171,False
M1929,278.474218496995,-388.488082200289,False
M1930,262.706560976978,-395.050383630209,False
M1931,305.784313048993,-384.790195750073,False
M1934,306.565104437992,-381.23395239003,False
M1935,425.245178235986,-80.4420765703544,False
M1936,340.078671243973,-399.916202330031,False
M1938,337.533323452983,-396.511667920277,False
M1939,307.755635411013,-385.066932179965,False
M1940,310.495551934,-381.132100369781,False
M1942,312.322336576006,-381.789282489568,False
M1943,274.202683930984,-395.771128459834,False
M1944,256.120431402,-394.338345539756,False
M1945,264.657924623985,-393.554565990344,False
M1946,283.360482515011,-389.592590689659,False
M1947,346.318041084975,-405.933687980287,False
M1948,307.124735996011,-382.505969819613,False
M1949,305.017733155983,-383.901281479746,False
M1950,310.556604952028,-381.095003879629,False
M1951,-1722.68535857397,-94.4314119899645,False
M1953,339.159456069989,-390.217196960002,False
M1954,-1730.05323168199,-98.2574351504445,False
M1955,-1647.13606370101,-63.1643688604236,False
M1956,-1730.758092526,-101.726591209881,False
M1958,-1595.26227786898,-52.9034917904064,False
M1959,-1637.85466309899,-61.0152508802712,False
M1961,-1718.729965551,-109.021823990159,False
M1963,335.312741346017,-387.155060240068,False
M1967,357.162159027008,-393.863232280128,False
M1972,299.841900991974,-385.515478859656,False
M1977,-1601.06147251202,-52.3383464002982,False
M1978,301.950218699989,-384.143503339961,False
M1982,-1601.35422313702,-53.2346071703359,False
M1983,-1602.09074924799,-41.3007494201884,False
M1984,327.383113298973,-383.014901390299,False
M1985,302.311337553023,-385.651019760408,False
M1989,-1723.15820037603,-94.2684687403962,False
M1990,-1696.06357437698,-75.8684815596789,False
M1996,-1617.51631103398,-45.3129299199209,False
M1998,-1722.71252192598,-94.8664275500923,False
M1999,-1713.92620295502,-97.0339882997796,False
M2013,349.090359368012,-388.838718400337,False
M2016,360.600263567991,-390.060303750448,False
M2018,358.112005568983,-394.044515459798,False
M2025,427.043558844016,-79.1677730903029,False
J0416,349.999133835023,-68.0909289000556,False
M2032,337.495288831007,-59.1061969995499,False
M2036,358.851740878017,-69.4414912499487,False
M2039,290.703495890019,-55.5206712801009,False
M2040,359.372286203026,-71.2860985696316,False
M2043,330.555021629028,-59.9972786502913,False
M2044,425.641362214985,-78.749519130215,False
M2046,353.065690362011,-67.9319660095498,False
M2048,336.988701340975,-59.8503035902977,False
M2049,334.321744834015,-58.7498367000371,False
M0469,1045.41014335898,-576.148004829884,False
M0476,-79.1380114629865,-243.587493799627,False
M0149,631.085200296016,-452.508908160031,False
M0433,1199.41814144701,-555.171761759557,False
M0230,-324.974926905998,-573.763149250299,False
K1292,-378.49709767499,-606.008868340403,False
M0031,-23.8557142820209,-455.2625438096,False
M0819,311.748757708003,-372.442705949768,False
M0502,1132.47789163102,-599.063284000382,False
M0220,-435.916429530014,-602.491370500065,False
M0373,-2173.69777390198,-263.767934800126,False
K0626,43.2417038159911,-429.41806763038,False
K1809,26.0145148549927,-436.76244887989,True
M0345,-16.563071416982,-460.747656890191,True
M0204,-434.792253779015,-591.91061377991,False
M0784,-172.554070449027,-501.323671570048,False
M1768,101.15853491798,-413.217996359803,False
M0328,-124.500586709997,-477.184634310193,False
K1285,-291.986995098996,-553.448712299578,False
M0954,-894.695894278004,-274.506998520344,False
M0168,-1119.91957365698,-207.259755199775,False
M0633,-819.011877027981,418.729856600054,False
M1207,-200.557293560007,555.314257609658,False
J0156,283.40181689302,-57.072982779704,False
K1895,287.958131946973,-54.9579285401851,False
M1275,279.60708173702,-63.657136419788,False
M1260,433.477411166998,-78.4565795399249,False
M1288,473.02047146298,-66.6314179403707,False
M0692,296.197065280983,-381.382765839808,False
M1330,609.948153666977,-100.249083160423,False
M0745,628.444424371992,-102.156279910356,False
K1987,776.614003888972,-73.4286879301071,False
M0078,240.000681272009,-376.938962640241,True
M0783,63.6031258060248,-428.395282070152,False
M0408,-156.132851767004,-487.851053300314,False
M1952,-615.541878089018,-403.325003179722,False
M0621,-1158.01022876101,561.383977489546,False
M1659,49.1382981860079,6.05455300025642,False
M1677,-1000.78868559602,500.047859939747,False
M0047,-22.4165017660125,-453.96224043984,True
M0186,-946.87558794301,-258.425315869972,False
M0214,-438.570662174025,-590.996496140026,False
M0751,326.423333743005,-385.771875999868,False
M0647,-1205.781124765,570.530705479905,False
K0731,531.48070267099,-407.190056160092,False
K0863,348.919702398998,-387.427655669861,False
K1026,436.495467540983,-82.6668541599065,False
K1048,626.295262105996,-101.718915579841,False
K1623,613.320303936023,-97.5780291901901,False
K1670,-181.935480614018,569.111508440226,False
K1881,417.807510324987,-84.8581363698468,False
K1977,737.256040573993,-73.6184547301382,False
M1825,-806.494042058999,-322.290936579928,False
M1402,-362.089195778011,786.755662349984,False
M0837,1336.442045437,-529.069290379994,False
M1318,475.229929770983,-67.8479374498129,False
M1059,-147.522789001989,-273.615555440076,False
M1845,444.775839449023,-365.348299049772,False
M1343,-427.908641369024,-600.032453110442,False
M0432,-339.059104143002,-572.985435949638,False
J0171,869.449781287985,-470.35573101975,False
J0422,444.756152583985,-79.2902009701356,False
J1246,57.6924751619808,-421.843627049588,True
J1251,69.6904933920014,-417.460761919618,False
K0133,-154.222172220994,-481.494263740256,False
K0475,-350.701096386008,-583.511435650289,False
K0479,-372.186370302981,-594.658494840376,False
K0635,41.6153754719999,-428.135560769588,True
K1719,103.870598586975,-411.506152650341,False
K1759,-381.434767284023,-605.56259243004,False
K1795,-110.705267435987,-470.020951449871,False
K1797,-52.1433514520177,-458.127877069637,False
K1826,69.6707318919944,-412.864205460064,False
K1859,63.1657744820113,74.5532073201612,False
M1540,-153.070208817022,334.664249720052,False
M1736,-662.813937100989,390.920945590362,False
M1671,-566.871663301019,402.895379340276,False
M1553,-634.802852825029,373.264734540135,False
M1283,445.315462107013,-75.7382143503055,False
M0274,252.401331179019,-392.569049649872,False
M0156,-1048.49386245001,-229.261536589824,False
M0173,-1113.23722812202,-209.96194974985,False
M0387,-2177.11523680901,-263.690891250037,False
M0392,-2169.15456037002,-258.416078589857,False
M0404,1230.82303362602,-555.559555930085,False
M0407,-343.803033864009,-587.868763100356,False
M0409,-289.171488364984,-556.035768000409,False
M0448,-344.227721992997,-578.042894490063,False
M0498,-149.896134215989,479.204337569885,False
M0503,1254.65042607102,-325.366045339964,False
M0614,-1077.58981031203,534.71721426025,False
M0711,-471.450877632014,430.419366830029,False
M0809,1249.66460262,-567.141147189774,False
M0818,1293.07445072901,-554.316551939584,False
M0875,-1757.13290101499,180.889754969627,False
M0904,-1219.11320995301,260.382434460334,False
M0913,-1891.50092273601,271.297886589542,False
M0917,-1271.664714974,275.098184919916,False
M1198,-2191.65524027002,-128.86752067972,False
M1279,450.027368868992,-75.0606057597324,False
M1284,362.009996824025,-73.5911269700155,False
M1301,-151.334738523001,-284.02051841002,False
M1380,-542.432539955014,417.272125319578,False
M1393,1410.23391297698,-502.552559539676,False
M1565,-539.068934124021,417.628444219939,False
M1598,-2302.57680109597,257.664941890165,False
M1630,-171.033766332024,-297.696219890378,False
M1933,255.202819353028,-393.615475759842,False
M0002,47.5964494289947,-434.993380179629,True
M0005,166.25983224099,-390.435668890364,False
M0008,171.741831509979,-389.180245350115,False
M0018,181.880289666995,-387.328959760256,True
M0023,-40.4214007090195,-456.108664560132,False
M0024,110.175375234976,-408.306337960064,False
M0025,69.7563500740216,-420.21661647968,True
M0039,63.6900503310026,-420.688274020329,False
M0058,225.53457460698,-367.859508999623,False
M0062,208.310213021003,-367.792915330268,False
M0071,249.455273867003,-376.177345880307,False
M0073,235.133437606972,-378.623082979582,False
M0083,204.428927983972,-380.482707169838,False
M0085,245.757823013992,-379.283354359679,False
M0086,252.062821966014,-377.926838549785,False
M0103,-38.0834854160203,-213.501723470166,False
M0108,492.626990780991,-371.870326880366,False
M0109,599.858444435988,-416.947667569853,False
M0110,695.408183550986,-415.758859960362,False
M0111,463.963939232985,-368.483816079795,False
M0112,26.0166772389784,-133.322722850367,False
M0113,-72.7388315059943,-231.705897400156,False
M0115,439.95943291398,-364.894296729937,False
M0116,557.556804243999,-426.777156460099,False
M0124,249.431497743004,-379.805076239631,False
M0126,25.0226944480091,-136.595668829978,False
M0130,559.573926741024,-427.898290690035,True
M0134,-148.589654766023,-274.512332630344,False
M0140,300.357418107975,-370.868074160069,False
M0152,-1088.96611674101,-212.862360569648,False
M0154,-953.949395633012,-257.582396890037,False
M0163,-588.433218837017,-458.355970559642,False
M0164,-1336.29773278802,-203.540332189761,False
M0165,-1023.01567301102,-234.109498360194,False
M0167,-1609.32328393898,-49.3183249300346,False
M0171,-958.575495620025,-258.778615290299,False
M0176,-1357.30885277299,-197.368026180193,False
M0180,-977.177732217999,-259.293620400131,False
M0191,-964.874980135995,-256.531644689851,False
M0193,-1637.420062883,-52.5036255996674,False
M0200,-1640.93147210201,-62.997786779888,False
M0201,-389.792451329005,-608.579655090347,False
M0203,-457.115019941994,-584.571813140064,False
M0210,-441.454817174992,-598.976123079658,True
M0212,-435.881233202992,-596.167472380213,False
M0216,-295.006463746016,-549.569034470245,False
M0218,-317.783307893027,-571.272996740416,False
M0221,-266.062144363008,-536.272045539692,False
M0222,-243.344851472008,-527.974299450405,False
M0225,-288.203139925026,-558.769262059592,True
M0227,-414.38215112302,-612.28901743982,False
M0234,-279.608021942026,-556.096701510251,False
M0237,-320.492263927998,-572.162947019562,False
M0244,-260.13877489802,-534.249969850294,False
M0275,279.664219003986,-385.438213090412,False
M0276,281.250649822992,-385.33100305032,False
M0289,315.828323844995,-377.311928680167,False
M0298,351.164269735978,-385.678459770046,False
M0304,968.240956404014,-523.575463759713,False
M0314,911.453040810011,-535.423881269991,False
M0322,-59.4322374169715,-460.943726119585,False
M0327,844.997720282001,-462.797237119637,False
M0335,737.36228585901,-389.538368729874,False
M0337,-42.2725549379829,-454.616032419726,False
M0338,-153.175039548019,-479.801046219654,False
M0340,-122.385138518992,-476.531352650374,False
M0341,-44.4120202119811,-460.802679199725,False
M0342,-66.1041807960137,-464.051671019755,False
M0343,732.243618706998,-383.870882440358,False
M0350,-55.8136102100252,-457.865890960209,False
M0365,-1957.94571759499,-163.569682219997,False
M0391,-2168.49328042899,-259.334078829736,False
M0399,-2170.64767109201,-261.173441070132,False
M0410,-138.709637404012,-480.160549289547,False
M0442,1231.13038639602,-555.107538299635,False
M0444,-171.167541530973,562.827662790194,False
M0446,1214.33623282402,-559.914195340127,False
M0449,-341.293939568975,-577.545190170407,False
M0452,342.899323748017,-370.104370620102,False
M0456,327.106661188009,-381.275098009966,False
M0462,-97.2356191530125,-251.457362920046,False
M0471,-40.8587106519844,-220.984076060355,False
M0478,-144.802370764024,472.704675439745,False
M0480,1433.269298559,-299.795905250125,False
M0483,-147.460057549994,475.547603930347,False
M0486,-217.092113148014,575.51000114996,False
M0487,630.889964858012,-459.404081209563,False
M0491,574.259973955981,-443.664584670216,False
M0496,1196.00965292501,-548.353558829986,False
M0499,1216.71301325102,-552.177260399796,False
M0504,1649.63676715799,-642.727592189796,False
M0510,1706.186906947,-673.863275500014,False
M0513,1650.65082348301,-643.797772400081,False
M0518,1156.88358350802,-595.631947490387,False
M0520,1081.39018641098,-585.795884319581,False
M0521,-2261.48636472499,-364.496769309975,False
M0525,1688.920335881,-659.108114800416,False
M0528,-172.371489748999,563.791357929818,False
M0530,1109.019493511,-597.548549620435,False
M0535,1653.03361957899,-655.798604610376,False
M0539,1273.61315888801,-320.452534279786,False
M0601,-929.653137181012,471.7804023996,False
M0604,-999.478324679018,501.364929590374,False
M0609,-728.024156350992,390.47752861958,False
M0610,-741.415706543019,387.950317190029,False
M0615,-2258.42912461801,-161.389611429535,False
M0630,-1222.72866548202,529.629159290344,False
M0632,-837.591513869003,437.138319309801,False
M0635,-1002.24727079598,485.008844540454,False
M0636,-1166.82245547598,566.265213130042,False
M0639,-1173.43277186801,573.186594700441,False
M0641,-920.420171063975,479.931019560434,False
M0642,-1011.92119396001,506.954446500167,False
M0688,263.404798240983,-389.7508843299,False
M0708,-576.670459621993,399.005932950415,False
M0714,738.904562444019,-71.6994847999886,False
M0719,283.372318468988,-68.3053266396746,False
M0726,-438.711118608015,437.85063310992,False
M0728,831.998492714018,-43.9172858903185,False
M0743,694.851318007975,-76.8979210499674,False
M0744,850.080337095016,-29.7961372500286,False
M0750,793.075121595,-73.1347834998742,False
M0753,-143.324458522024,-280.956092299893,False
M0755,328.46050254599,-417.751724990085,False
M0757,-143.893599093019,-279.702811540104,False
M0768,340.556964354008,-382.873057220131,False
M0772,-106.772110040998,-256.3197935801,False
M0773,-344.187757033971,-592.185510319658,True
M0789,652.222110753006,-454.109088860452,False
M0797,-16.1581725750002,-458.302300759591,False
M0803,1295.54159940698,-554.827062750235,False
M0806,1263.49738528801,-557.325560039841,False
M0811,-2207.27400395402,-287.379691259935,False
M0826,1358.77639717801,-528.083780400455,False
M0833,-2185.194778384,291.977347549982,False
M0836,1587.261975303,-715.15707205981,False
M0845,1302.93036476901,-541.95871881023,False
M0858,458.269970971975,-367.786039619707,False
M0865,174.591867992014,-400.917969450355,False
M0868,310.147145240975,-379.40151240956,False
M0870,-1825.99355970701,64.4727200204507,False
M0881,-1719.38531965797,207.092483559623,False
M0885,-1157.97693241201,234.046513389796,False
M0886,674.321746808011,-436.620191370137,False
M0890,-1516.13229853299,194.833290260285,False
M0892,-1458.43777823698,171.380197689869,False
M0893,559.088041026029,-428.327255859971,False
M0894,424.11062818201,-366.346694920212,False
M0910,-1000.59151550999,532.83102637995,False
M0911,-1856.40168401197,286.373237060383,False
M0920,-2097.11322500103,-3.97425729967654,False
M0943,-2099.22068558098,0.110379659570754,False
M0945,-2140.06306700199,-49.8328208597377,False
M0947,-1122.91397897899,558.780441160314,False
M0959,-895.451592298981,-276.392096759751,False
M0962,-1212.35230120999,445.63395609986,False
M0979,-895.810970339982,-274.562486309558,False
M0983,-1943.30131993,272.435535879806,False
M0990,-1017.78285134799,-236.12823524978,False
M0992,-899.623304062989,-274.296273319982,False
M0994,-888.028998424998,-278.335961930454,False
M0998,-1329.27634539403,-206.180961979553,False
M1012,-1141.17328134901,-210.317021110095,False
M1021,-1215.63896987698,453.535915629938,False
M1050,689.43294853199,-423.472454819828,False
M1052,573.487982640974,-444.260372710414,False
M1071,498.706071385008,-384.642192079686,False
M1078,654.079857079021,-454.971955340356,False
M1079,378.671454954019,-380.238944560289,False
M1080,378.547008546011,-377.723439820111,False
M1082,427.793374427012,-370.118838650174,False
M1091,-78.2771973820054,-234.999387339689,False
M1093,280.461440057028,-63.5431166701019,False
M1096,850.645843553008,-26.8138727098703,False
M1099,-68.6803437210037,-231.083718240261,False
M1151,-925.555717655981,471.857504730113,False
M1163,-925.748044276028,471.924028449692,False
M1169,-1082.65368447697,538.808568719774,False
M1173,-1234.89511910401,516.12648975011,False
M1183,-1000.30534298101,500.676636669785,False
M1201,-549.31719337299,412.261360430159,False
M1206,-614.332323034992,386.186641310342,False
M1211,-823.303310633986,420.211743569933,False
M1216,-1308.19832254102,257.777023670264,False
M1219,-494.124431942008,424.354040520266,False
M1222,-43.8046909890254,-218.692202350125,False
M1229,-754.119513807993,391.534443220124,False
M1235,-455.061406048015,432.567852459848,False
M1236,-447.206553273019,432.787407429889,False
M1238,69.2202552880044,83.740160680376,False
M1239,-572.252843799011,398.944257129915,False
M1247,-122.647831627983,-260.080493870191,False
M1248,-471.431468761992,427.498541410081,False
M1254,427.952965722012,-85.0809864401817,False
M1255,241.241787558014,-71.297402930446,False
M1257,537.398741035024,-54.0922413198277,False
M1259,430.278690795996,-92.9284310098737,False
M1264,231.818385222985,-88.3025585701689,False
M1266,200.147761197994,-83.2588254800066,False
M1269,272.959378707979,-66.7978599602357,False
M1276,239.884291258,-84.9418030800298,False
M1287,682.569867656974,-78.8212607800961,False
M1304,-583.671075265971,-480.232705360278,False
M1312,678.195089765999,-80.6786674000323,False
M1313,743.630550908973,-74.344428749755,False
M1314,-597.979176547029,-414.196917730384,False
M1321,745.993015652988,-73.4980993103236,False
M1322,577.372906527016,-95.6692750602961,False
M1325,-428.399859646976,-595.766110479832,False
M1327,-597.956618100987,-417.022272350267,False
M1339,-597.676265731978,-416.96204249002,False
M1341,612.215644848999,-101.910381609574,False
M1354,-439.457801154,434.502862369642,False
M1357,-122.12636373,453.671616409905,False
M1361,-299.331389344006,-60.5143646802753,False
M1366,778.371711280022,-76.0694595202804,False
M1369,1639.50380655599,-742.362980909646,False
M1370,1339.58719230298,-526.618677450344,False
M1413,-1147.24166035099,-204.337817479856,False
M1414,-889.231301723979,-276.08509508986,False
M1415,-214.641286903992,575.65653907042,False
M1416,-1723.16802881297,-95.0123967295513,False
M1422,-1176.94349863299,570.702260579914,False
M1423,-350.522877905983,810.840527259745,False
M1425,-1594.37117963802,-56.9778131498024,False
M1426,-753.615961898991,391.761013650335,False
M1430,-213.989737712021,575.493971279822,False
M1435,-351.720144068997,792.752451820299,False
M1437,-1042.70437277702,-222.183649980463,False
M1441,-1062.74683406297,532.439309169538,False
M1443,-660.873754195985,389.840269589797,False
M1444,-1719.23008793301,-92.714082759805,False
M1447,-606.297160194023,388.509552530013,False
M1451,-603.646610654017,-397.798342250288,False
M1485,-946.550444707973,-259.544943439774,False
M1487,319.932478601986,-373.278577120043,False
M1488,558.060137784982,-433.688744270243,False
M1493,-1051.36793369299,-220.526900299825,False
M1508,-458.454326067003,436.34398179967,False
M1512,-199.964261582994,572.950288910419,False
M1517,-159.464711916982,571.386572959833,False
M1525,-146.919831937994,478.80547828041,False
M1527,-750.13137484499,391.981534100138,False
M1532,-357.205760841025,797.741833530366,False
M1536,-775.977741043025,400.612743450329,False
M1541,-150.636306483997,482.512794720009,False
M1545,-356.103158815997,794.594858270139,False
M1546,-174.800320098992,572.294238219969,False
M1558,-575.451604656002,398.984819079749,False
M1561,-596.389473018004,390.232291559689,False
M1575,-356.674991642998,793.166334410198,False
M1576,-119.728060776019,571.844725400209,False
M1579,-654.196848032007,389.477272929624,False
M1586,-120.962075517979,570.833162309602,False
M1587,-120.594546371023,569.875245340168,False
M1590,-574.261841917993,400.303286449984,False
M1609,-2261.81687098398,-366.490871500224,False
M1616,-144.145388038014,578.846723750234,False
M1620,-176.738165515009,-296.641341869719,False
M1624,-2261.58722974098,-364.290197970346,False
M1632,-174.81757355202,-295.81382886041,False
M1637,458.794527704013,-376.775601729751,False
M1642,3.60961456102086,-177.895714069717,False
M1645,-133.985697387019,571.009305619635,False
M1646,61.1365833539749,79.6213268199936,False
M1649,-176.944026007026,-296.301509880461,False
M1651,21.6884790540207,-75.4910426195711,False
M1657,-23.0311466120183,-159.883920979686,False
M1676,-944.00598586502,485.98052487988,False
M1682,-1074.31844611297,539.2153533604,False
M1685,335.33447647898,-380.495657719672,False
M1696,-946.049607736,487.876416140236,False
M1697,-1202.23737888702,572.272845439613,False
M1704,-920.360329155985,474.274579299614,False
M1705,-663.541208069015,387.565210070461,False
M1712,-920.224687030015,476.471880259924,False
M1717,-933.838016739988,480.13741027005,False
M1718,-921.269050821022,473.161853530444,False
M1721,-922.78829216602,474.226870089769,False
M1738,-684.752539467008,389.902061839588,False
M1749,-921.313666882983,473.885280310176,False
M1750,-659.631938431994,390.929389529862,False
M1756,37.8619924539817,-422.42907031998,False
M1782,-307.634161941998,-576.506386370398,False
M1784,109.529460421007,-418.1094518397,False
M1789,-43.9010626759846,-468.217461490072,False
M1790,-251.756399346981,-528.468998299912,False
M1797,-15.3860921339947,-466.640517840162,False
M1820,331.00299796398,-380.494353280403,False
M1848,563.709562127013,-431.37651953008,False
M1853,-1070.26451703301,534.906367110088,False
M1854,-1185.521592353,574.196141179651,False
M1857,-1056.617517651,528.807087389752,False
M1859,-1081.59034692397,540.887928240001,False
M1994,-883.735183597018,-280.531954290345,False
